Year,Month,Bank rate,Overnight money market financing,Target rate,"Government of Canada benchmark bond yields, 10 year","Government of Canada benchmark bond yields, 5 year","Government of Canada benchmark bond yields, long term",Homeowners' replacement cost,Mortgage interest cost,Shelter,Canadian-Dollar Effective Exchange Rate Index (CERI),"European euro, daily average",All industries [T001],Goods-producing industries [T002],Services-producing industries [T003],All countries,China,United States,"Beef stewing cuts, per kilogram","Beef striploin cuts, per kilogram","Ground beef, per kilogram",Food and beverage stores [445],Gasoline stations [447],Retail trade [44-45],Employment rate,Participation rate,Unemployment rate,Domestic movements,Other international movements,Transborder movements,Total intermodal traffic loaded,Total non-intermodal traffic loaded,Total traffic carried,Computer and communications equipment and supplies merchant wholesalers [4173],"Machinery, equipment and supplies merchant wholesalers [417]",Wholesale trade [41],"Total softwood, production [24112]","Total softwood, shipments [24112]","Total softwood, stocks [24112]",Hydraulic turbine,Nuclear steam turbine,Total all types of electricity generation,Crude oil production,Imports,Net Field production of crude oil
1949,1,,,,,,,8.7,9.9,,,,,,,,,,,,,,,,,,,,,,,,,,,,,,,,,,,,
1949,2,,,,,,,8.7,9.9,,,,,,,,,,,,,,,,,,,,,,,,,,,,,,,,,,,,
1949,3,,,,,,,8.7,9.9,,,,,,,,,,,,,,,,,,,,,,,,,,,,,,,,,,,,
1949,4,,,,,,,8.7,9.9,,,,,,,,,,,,,,,,,,,,,,,,,,,,,,,,,,,,
1949,5,,,,,,,8.7,9.9,,,,,,,,,,,,,,,,,,,,,,,,,,,,,,,,,,,,
1949,6,,,,,,,8.7,9.9,,,,,,,,,,,,,,,,,,,,,,,,,,,,,,,,,,,,
1949,7,,,,,,,8.7,9.9,,,,,,,,,,,,,,,,,,,,,,,,,,,,,,,,,,,,
1949,8,,,,,,,8.7,9.9,,,,,,,,,,,,,,,,,,,,,,,,,,,,,,,,,,,,
1949,9,,,,,,,8.7,9.9,,,,,,,,,,,,,,,,,,,,,,,,,,,,,,,,,,,,
1949,10,,,,,,,8.7,9.9,,,,,,,,,,,,,,,,,,,,,,,,,,,,,,,,,,,,
1949,11,,,,,,,8.7,9.9,,,,,,,,,,,,,,,,,,,,,,,,,,,,,,,,,,,,
1949,12,,,,,,,8.7,9.9,,,,,,,,,,,,,,,,,,,,,,,,,,,,,,,,,,,,
1950,1,,,,,,,8.7,9.9,,,,,,,,,,,,,,,,,,,,,,,,,,,,,,,,,,,,
1950,2,,,,,,,8.7,9.9,,,,,,,,,,,,,,,,,,,,,,,,,,,,,,,,,,,,
1950,3,,,,,,,8.7,9.9,,,,,,,,,,,,,,,,,,,,,,,,,,,,,,,,,,,,
1950,4,,,,,,,8.8,9.9,,,,,,,,,,,,,,,,,,,,,,,,,,,,,,,,,,,,
1950,5,,,,,,,8.9,9.9,,,,,,,,,,,,,,,,,,,,,,,,,,,,,,,,,,,,
1950,6,,,,,,,9.1,9.9,,,,,,,,,,,,,,,,,,,,,,,,,,,,,,,,,,,,
1950,7,,,,,,,9.3,9.9,,,,,,,,,,,,,,,,,,,,,,,,,,,,,,,,,,,,
1950,8,,,,,,,9.3,9.9,,,,,,,,,,,,,,,,,,,,,,,,,,,,,,,,,,,,
1950,9,,,,,,,9.5,9.9,,,,,,,,,,,,,,,,,,,,,,,,,,,,,,,,,,,,
1950,10,,,,,,,9.7,9.9,,,,,,,,,,,,,,,,,,,,,,,,,,,,,,,,,,,,
1950,11,,,,,,,9.7,9.9,,,,,,,,,,,,,,,,,,,,,,,,,,,,,,,,,,,,
1950,12,,,,,,,9.7,9.9,,,,,,,,,,,,,,,,,,,,,,,,,,,,,,,,,,,,
1951,1,,,,,,,9.9,9.9,,,,,,,,,,,,,,,,,,,,,,,,,,,,,,,,,,,,
1951,2,,,,,,,10.1,9.9,,,,,,,,,,,,,,,,,,,,,,,,,,,,,,,,,,,,
1951,3,,,,,,,10.2,9.9,,,,,,,,,,,,,,,,,,,,,,,,,,,,,,,,,,,,
1951,4,,,,,,,10.3,9.9,,,,,,,,,,,,,,,,,,,,,,,,,,,,,,,,,,,,
1951,5,,,,,,,10.5,9.9,,,,,,,,,,,,,,,,,,,,,,,,,,,,,,,,,,,,
1951,6,,,,,,,10.6,10.0,,,,,,,,,,,,,,,,,,,,,,,,,,,,,,,,,,,,
1951,7,,,,,,,10.8,10.0,,,,,,,,,,,,,,,,,,,,,,,,,,,,,,,,,,,,
1951,8,,,,,,,10.8,10.0,,,,,,,,,,,,,,,,,,,,,,,,,,,,,,,,,,,,
1951,9,,,,,,,10.8,10.0,,,,,,,,,,,,,,,,,,,,,,,,,,,,,,,,,,,,
1951,10,,,,,,,10.8,10.0,,,,,,,,,,,,,,,,,,,,,,,,,,,,,,,,,,,,
1951,11,,,,,,,10.8,10.0,,,,,,,,,,,,,,,,,,,,,,,,,,,,,,,,,,,,
1951,12,,,,,,,10.8,10.0,,,,,,,,,,,,,,,,,,,,,,,,,,,,,,,,,,,,
1952,1,,,,,,,10.8,10.0,,,,,,,,,,,,,,,,,,,,,,,,,,,,,,,,,,,,
1952,2,,,,,,,10.8,10.0,,,,,,,,,,,,,,,,,,,,,,,,,,,,,,,,,,,,
1952,3,,,,,,,10.8,10.0,,,,,,,,,,,,,,,,,,,,,,,,,,,,,,,,,,,,
1952,4,,,,,,,10.8,10.0,,,,,,,,,,,,,,,,,,,,,,,,,,,,,,,,,,,,
1952,5,,,,,,,10.9,10.0,,,,,,,,,,,,,,,,,,,,,,,,,,,,,,,,,,,,
1952,6,,,,,,,10.9,10.0,,,,,,,,,,,,,,,,,,,,,,,,,,,,,,,,,,,,
1952,7,,,,,,,10.9,10.0,,,,,,,,,,,,,,,,,,,,,,,,,,,,,,,,,,,,
1952,8,,,,,,,10.9,10.0,,,,,,,,,,,,,,,,,,,,,,,,,,,,,,,,,,,,
1952,9,,,,,,,10.9,10.0,,,,,,,,,,,,,,,,,,,,,,,,,,,,,,,,,,,,
1952,10,,,,,,,10.9,10.1,,,,,,,,,,,,,,,,,,,,,,,,,,,,,,,,,,,,
1952,11,,,,,,,10.9,10.1,,,,,,,,,,,,,,,,,,,,,,,,,,,,,,,,,,,,
1952,12,,,,,,,10.9,10.1,,,,,,,,,,,,,,,,,,,,,,,,,,,,,,,,,,,,
1953,1,,,,,,,10.9,10.1,,,,,,,,,,,,,,,,,,,,,,,,,,,,,,,,,,,,
1953,2,,,,,,,10.9,10.1,,,,,,,,,,,,,,,,,,,,,,,,,,,,,,,,,,,,
1953,3,,,,,,,10.9,10.1,,,,,,,,,,,,,,,,,,,,,,,,,,,,,,,,,,,,
1953,4,,,,,,,10.9,10.1,,,,,,,,,,,,,,,,,,,,,,,,,,,,,,,,,,,,
1953,5,,,,,,,11.0,10.1,,,,,,,,,,,,,,,,,,,,,,,,,,,,,,,,,,,,
1953,6,,,,,,,11.0,10.1,,,,,,,,,,,,,,,,,,,,,,,,,,,,,,,,,,,,
1953,7,,,,,,,11.1,10.1,,,,,,,,,,,,,,,,,,,,,,,,,,,,,,,,,,,,
1953,8,,,,,,,11.1,10.1,,,,,,,,,,,,,,,,,,,,,,,,,,,,,,,,,,,,
1953,9,,,,,,,11.1,10.1,,,,,,,,,,,,,,,,,,,,,,,,,,,,,,,,,,,,
1953,10,,,,,,,11.0,10.1,,,,,,,,,,,,,,,,,,,,,,,,,,,,,,,,,,,,
1953,11,,,,,,,11.2,10.1,,,,,,,,,,,,,,,,,,,,,,,,,,,,,,,,,,,,
1953,12,,,,,,,11.1,10.1,,,,,,,,,,,,,,,,,,,,,,,,,,,,,,,,,,,,
1954,1,,,,,,,11.1,10.1,,,,,,,,,,,,,,,,,,,,,,,,,,,,,,,,,,,,
1954,2,,,,,,,11.0,10.1,,,,,,,,,,,,,,,,,,,,,,,,,,,,,,,,,,,,
1954,3,,,,,,,11.0,10.1,,,,,,,,,,,,,,,,,,,,,,,,,,,,,,,,,,,,
1954,4,,,,,,,11.0,10.1,,,,,,,,,,,,,,,,,,,,,,,,,,,,,,,,,,,,
1954,5,,,,,,,11.0,10.1,,,,,,,,,,,,,,,,,,,,,,,,,,,,,,,,,,,,
1954,6,,,,,,,11.0,10.1,,,,,,,,,,,,,,,,,,,,,,,,,,,,,,,,,,,,
1954,7,,,,,,,11.0,10.1,,,,,,,,,,,,,,,,,,,,,,,,,,,,,,,,,,,,
1954,8,,,,,,,11.1,10.1,,,,,,,,,,,,,,,,,,,,,,,,,,,,,,,,,,,,
1954,9,,,,,,,11.2,10.1,,,,,,,,,,,,,,,,,,,,,,,,,,,,,,,,,,,,
1954,10,,,,,,,11.2,10.1,,,,,,,,,,,,,,,,,,,,,,,,,,,,,,,,,,,,
1954,11,,,,,,,11.2,10.1,,,,,,,,,,,,,,,,,,,,,,,,,,,,,,,,,,,,
1954,12,,,,,,,11.2,10.1,,,,,,,,,,,,,,,,,,,,,,,,,,,,,,,,,,,,
1955,1,,,,,,,11.2,10.1,,,,,,,,,,,,,,,,,,,,,,,,,,,,,,,,,,,,
1955,2,,,,,,,11.2,10.1,,,,,,,,,,,,,,,,,,,,,,,,,,,,,,,,,,,,
1955,3,,,,,,,11.2,10.1,,,,,,,,,,,,,,,,,,,,,,,,,,,,,,,,,,,,
1955,4,,,,,,,11.2,10.1,,,,,,,,,,,,,,,,,,,,,,,,,,,,,,,,,,,,
1955,5,,,,,,,11.2,10.1,,,,,,,,,,,,,,,,,,,,,,,,,,,,,,,,,,,,
1955,6,,,,,,,11.3,10.1,,,,,,,,,,,,,,,,,,,,,,,,,,,,,,,,,,,,
1955,7,,,,,,,11.3,10.1,,,,,,,,,,,,,,,,,,,,,,,,,,,,,,,,,,,,
1955,8,,,,,,,11.4,10.1,,,,,,,,,,,,,,,,,,,,,,,,,,,,,,,,,,,,
1955,9,,,,,,,11.4,10.1,,,,,,,,,,,,,,,,,,,,,,,,,,,,,,,,,,,,
1955,10,,,,,,,11.5,10.1,,,,,,,,,,,,,,,,,,,,,,,,,,,,,,,,,,,,
1955,11,,,,,,,11.5,10.1,,,,,,,,,,,,,,,,,,,,,,,,,,,,,,,,,,,,
1955,12,,,,,,,11.5,10.1,,,,,,,,,,,,,,,,,,,,,,,,,,,,,,,,,,,,
1956,1,,,,,,,11.6,10.1,,,,,,,,,,,,,,,,,,,,,,,,,,,,,,,,,,,,
1956,2,,,,,,,11.7,10.1,,,,,,,,,,,,,,,,,,,,,,,,,,,,,,,,,,,,
1956,3,,,,,,,11.7,10.1,,,,,,,,,,,,,,,,,,,,,,,,,,,,,,,,,,,,
1956,4,,,,,,,11.7,10.1,,,,,,,,,,,,,,,,,,,,,,,,,,,,,,,,,,,,
1956,5,,,,,,,11.7,10.1,,,,,,,,,,,,,,,,,,,,,,,,,,,,,,,,,,,,
1956,6,,,,,,,11.7,10.1,,,,,,,,,,,,,,,,,,,,,,,,,,,,,,,,,,,,
1956,7,,,,,,,11.7,10.1,,,,,,,,,,,,,,,,,,,,,,,,,,,,,,,,,,,,
1956,8,,,,,,,11.8,10.1,,,,,,,,,,,,,,,,,,,,,,,,,,,,,,,,,,,,
1956,9,,,,,,,11.8,10.1,,,,,,,,,,,,,,,,,,,,,,,,,,,,,,,,,,,,
1956,10,,,,,,,11.8,10.1,,,,,,,,,,,,,,,,,,,,,,,,,,,,,,,,,,,,
1956,11,,,,,,,11.8,10.1,,,,,,,,,,,,,,,,,,,,,,,,,,,,,,,,,,,,
1956,12,,,,,,,11.8,10.1,,,,,,,,,,,,,,,,,,,,,,,,,,,,,,,,,,,,
1957,1,,,,,,,11.9,10.1,,,,,,,,,,,,,,,,,,,,,,,,,,,,,,,,,,,,
1957,2,,,,,,,11.9,10.1,,,,,,,,,,,,,,,,,,,,,,,,,,,,,,,,,,,,
1957,3,,,,,,,12.0,10.1,,,,,,,,,,,,,,,,,,,,,,,,,,,,,,,,,,,,
1957,4,,,,,,,12.0,10.1,,,,,,,,,,,,,,,,,,,,,,,,,,,,,,,,,,,,
1957,5,,,,,,,12.0,10.1,,,,,,,,,,,,,,,,,,,,,,,,,,,,,,,,,,,,
1957,6,,,,,,,12.1,10.1,,,,,,,,,,,,,,,,,,,,,,,,,,,,,,,,,,,,
1957,7,,,,,,,12.1,10.1,,,,,,,,,,,,,,,,,,,,,,,,,,,,,,,,,,,,
1957,8,,,,,,,12.1,10.1,,,,,,,,,,,,,,,,,,,,,,,,,,,,,,,,,,,,
1957,9,,,,,,,12.2,10.1,,,,,,,,,,,,,,,,,,,,,,,,,,,,,,,,,,,,
1957,10,,,,,,,12.2,10.1,,,,,,,,,,,,,,,,,,,,,,,,,,,,,,,,,,,,
1957,11,,,,,,,12.2,10.1,,,,,,,,,,,,,,,,,,,,,,,,,,,,,,,,,,,,
1957,12,,,,,,,12.2,10.1,,,,,,,,,,,,,,,,,,,,,,,,,,,,,,,,,,,,
1958,1,,,,,,,12.1,10.1,,,,,,,,,,,,,,,,,,,,,,,,,,,,,,,,,,,,
1958,2,,,,,,,12.1,10.1,,,,,,,,,,,,,,,,,,,,,,,,,,,,,,,,,,,,
1958,3,,,,,,,12.2,10.1,,,,,,,,,,,,,,,,,,,,,,,,,,,,,,,,,,,,
1958,4,,,,,,,12.3,10.1,,,,,,,,,,,,,,,,,,,,,,,,,,,,,,,,,,,,
1958,5,,,,,,,12.3,10.1,,,,,,,,,,,,,,,,,,,,,,,,,,,,,,,,,,,,
1958,6,,,,,,,12.3,10.1,,,,,,,,,,,,,,,,,,,,,,,,,,,,,,,,,,,,
1958,7,,,,,,,12.4,10.1,,,,,,,,,,,,,,,,,,,,,,,,,,,,,,,,,,,,
1958,8,,,,,,,12.4,10.9,,,,,,,,,,,,,,,,,,,,,,,,,,,,,,,,,,,,
1958,9,,,,,,,12.5,10.9,,,,,,,,,,,,,,,,,,,,,,,,,,,,,,,,,,,,
1958,10,,,,,,,12.5,10.9,,,,,,,,,,,,,,,,,,,,,,,,,,,,,,,,,,,,
1958,11,,,,,,,12.5,10.9,,,,,,,,,,,,,,,,,,,,,,,,,,,,,,,,,,,,
1958,12,,,,,,,12.5,10.9,,,,,,,,,,,,,,,,,,,,,,,,,,,,,,,,,,,,
1959,1,,,,,,,12.6,10.9,,,,,,,,,,,,,,,,,,,,,,,,,,,,,,,,,,,,
1959,2,,,,,,,12.6,10.9,,,,,,,,,,,,,,,,,,,,,,,,,,,,,,,,,,,,
1959,3,,,,,,,12.6,10.9,,,,,,,,,,,,,,,,,,,,,,,,,,,,,,,,,,,,
1959,4,,,,,,,12.7,10.9,,,,,,,,,,,,,,,,,,,,,,,,,,,,,,,,,,,,
1959,5,,,,,,,12.9,10.9,,,,,,,,,,,,,,,,,,,,,,,,,,,,,,,,,,,,
1959,6,,,,,,,12.9,10.9,,,,,,,,,,,,,,,,,,,,,,,,,,,,,,,,,,,,
1959,7,,,,,,,12.9,10.9,,,,,,,,,,,,,,,,,,,,,,,,,,,,,,,,,,,,
1959,8,,,,,,,12.9,10.9,,,,,,,,,,,,,,,,,,,,,,,,,,,,,,,,,,,,
1959,9,,,,,,,13.0,10.9,,,,,,,,,,,,,,,,,,,,,,,,,,,,,,,,,,,,
1959,10,,,,,,,13.0,10.9,,,,,,,,,,,,,,,,,,,,,,,,,,,,,,,,,,,,
1959,11,,,,,,,13.0,10.9,,,,,,,,,,,,,,,,,,,,,,,,,,,,,,,,,,,,
1959,12,,,,,,,13.0,10.9,,,,,,,,,,,,,,,,,,,,,,,,,,,,,,,,,,,,
1960,1,,,,,,,13.1,10.9,,,,,,,,,,,,,,,,,,,,,,,,,,,,,,,,,,,,
1960,2,,,,,,,13.1,10.9,,,,,,,,,,,,,,,,,,,,,,,,,,,,,,,,,,,,
1960,3,,,,,,,13.1,10.9,,,,,,,,,,,,,,,,,,,,,,,,,,,,,,,,,,,,
1960,4,,,,,,,13.2,10.9,,,,,,,,,,,,,,,,,,,,,,,,,,,,,,,,,,,,
1960,5,,,,,,,13.2,10.9,,,,,,,,,,,,,,,,,,,,,,,,,,,,,,,,,,,,
1960,6,,,,,,,13.2,10.9,,,,,,,,,,,,,,,,,,,,,,,,,,,,,,,,,,,,
1960,7,3.26,,,,,,13.3,10.9,,,,,,,,,,,,,,,,,,,,,,,,,,,,,,,,,,,,
1960,8,2.9460869565217394,,,,,,13.3,10.9,,,,,,,,,,,,,,,,,,,,,,,,,,,,,,,,,,,,
1960,9,2.1886363636363635,,,,,,13.3,10.9,,,,,,,,,,,,,,,,,,,,,,,,,,,,,,,,,,,,
1960,10,2.723333333333333,,,,,,13.3,10.9,,,,,,,,,,,,,,,,,,,,,,,,,,,,,,,,,,,,
1960,11,3.497727272727273,,,,,,13.3,10.9,,,,,,,,,,,,,,,,,,,,,,,,,,,,,,,,,,,,
1960,12,3.909090909090909,,,,,,13.4,10.9,,,,,,,,,,,,,,,,,,,,,,,,,,,,,,,,,,,,
1961,1,3.4595454545454545,,,,,,13.4,10.9,,,,,,,,,,,,,,,,,,,,,,,,,,,,,,,,,,,,
1961,2,3.2964999999999995,,,,,,13.3,10.9,,,,,,,,,,,,,,,,,,,,,,,,,,,,,,,,,,,,
1961,3,3.4569565217391305,,,,,,13.3,10.9,,,,,,,,,,,,,,,,,,,,,,,,,,,,,,,,,,,,
1961,4,3.537,,,,,,13.4,10.9,,,,,,,,,,,,,,,,,,,,,,,,,,,,,,,,,,,,
1961,5,3.4495652173913043,,,,,,13.4,10.9,,,,,,,,,,,,,,,,,,,,,,,,,,,,,,,,,,,,
1961,6,3.060909090909091,,,,,,13.4,10.9,,,,,,,,,,,,,,,,,,,,,,,,,,,,,,,,,,,,
1961,7,2.8576190476190475,,,,,,13.4,10.9,,,,,,,,,,,,,,,,,,,,,,,,,,,,,,,,,,,,
1961,8,2.776521739130435,,,,,,13.4,10.9,,,,,,,,,,,,,,,,,,,,,,,,,,,,,,,,,,,,
1961,9,2.6152380952380954,,,,,,13.4,10.9,,,,,,,,,,,,,,,,,,,,,,,,,,,,,,,,,,,,
1961,10,2.791818181818182,,,,,,13.4,10.9,,,,,,,,,,,,,,,,,,,,,,,,,,,,,,,,,,,,
1961,11,2.659090909090909,,,,,,13.4,10.9,,,,,,,,,,,,,,,,,,,,,,,,,,,,,,,,,,,,
1961,12,2.9823809523809524,,,,,,13.4,10.9,,,,,,,,,,,,,,,,,,,,,,,,,,,,,,,,,,,,
1962,1,3.316086956521739,,,,,,13.6,10.9,,,,,,,,,,,,,,,,,,,,,,,,,,,,,,,,,,,,
1962,2,3.3274999999999997,,,,,,13.6,10.9,,,,,,,,,,,,,,,,,,,,,,,,,,,,,,,,,,,,
1962,3,3.3677272727272727,,,,,,13.6,10.9,,,,,,,,,,,,,,,,,,,,,,,,,,,,,,,,,,,,
1962,4,3.334761904761905,,,,,,13.6,10.9,,,,,,,,,,,,,,,,,,,,,,,,,,,,,,,,,,,,
1962,5,3.5591304347826087,,,,,,13.6,11.3,,,,,,,,,,,,,,,,,,,,,,,,,,,,,,,,,,,,
1962,6,4.555714285714286,,,,,,13.6,11.3,,,,,,,,,,,,,,,,,,,,,,,,,,,,,,,,,,,,
1962,7,6.0,,,,,,13.7,11.5,,,,,,,,,,,,,,,,,,,,,,,,,,,,,,,,,,,,
1962,8,6.0,,,,,,13.8,11.5,,,,,,,,,,,,,,,,,,,,,,,,,,,,,,,,,,,,
1962,9,5.6,,,,,,13.8,11.5,,,,,,,,,,,,,,,,,,,,,,,,,,,,,,,,,,,,
1962,10,5.195652173913044,,,,,,13.8,11.5,,,,,,,,,,,,,,,,,,,,,,,,,,,,,,,,,,,,
1962,11,4.363636363636363,,,,,,13.8,11.5,,,,,,,,,,,,,,,,,,,,,,,,,,,,,,,,,,,,
1962,12,4.0,,,,,,13.8,11.5,,,,,,,,,,,,,,,,,,,,,,,,,,,,,,,,,,,,
1963,1,4.0,,,,,,13.9,11.6,,,,,,,,,,,,,,,,,,,,,,,,,,,,,,,,,,,,
1963,2,4.0,,,,,,13.9,11.6,,,,,,,,,,,,,,,,,,,,,,,,,,,,,,,,,,,,
1963,3,4.0,,,,,,13.9,11.6,,,,,,,,,,,,,,,,,,,,,,,,,,,,,,,,,,,,
1963,4,4.0,,,,,,13.9,11.6,,,,,,,,,,,,,,,,,,,,,,,,,,,,,,,,,,,,
1963,5,3.5652173913043477,,,,,,14.0,11.6,,,,,,,,,,,,,,,,,,,,,,,,,,,,,,,,,,,,
1963,6,3.5,,,,,,14.0,11.6,,,,,,,,,,,,,,,,,,,,,,,,,,,,,,,,,,,,
1963,7,3.5,,,,,,14.1,11.7,,,,,,,,,,,,,,,,,,,,,,,,,,,,,,,,,,,,
1963,8,3.840909090909091,,,,,,14.4,11.7,,,,,,,,,,,,,,,,,,,,,,,,,,,,,,,,,,,,
1963,9,4.0,,,,,,14.4,11.7,,,,,,,,,,,,,,,,,,,,,,,,,,,,,,,,,,,,
1963,10,4.0,,,,,,14.5,11.7,,,,,,,,,,,,,,,,,,,,,,,,,,,,,,,,,,,,
1963,11,4.0,,,,,,14.5,11.7,,,,,,,,,,,,,,,,,,,,,,,,,,,,,,,,,,,,
1963,12,4.0,,,,,,14.5,11.7,,,,,,,,,,,,,,,,,,,,,,,,,,,,,,,,,,,,
1964,1,4.0,,,,,,14.5,11.9,,,,,,,,,,,,,,,,,,,,,,,,,,,,,,,,,,,,
1964,2,4.0,,,,,,14.6,11.9,,,,,,,,,,,,,,,,,,,,,,,,,,,,,,,,,,,,
1964,3,4.0,,,,,,14.7,11.9,,,,,,,,,,,,,,,,,,,,,,,,,,,,,,,,,,,,
1964,4,4.0,,,,,,14.8,11.9,,,,,,,,,,,,,,,,,,,,,,,,,,,,,,,,,,,,
1964,5,4.0,,,,,,15.0,11.9,,,,,,,,,,,,,,,,,,,,,,,,,,,,,,,,,,,,
1964,6,4.0,,,,,,15.1,11.9,,,,,,,,,,,,,,,,,,,,,,,,,,,,,,,,,,,,
1964,7,4.0,,,,,,15.1,12.0,,,,,,,,,,,,,,,,,,,,,,,,,,,,,,,,,,,,
1964,8,4.0,,,,,,15.1,12.0,,,,,,,,,,,,,,,,,,,,,,,,,,,,,,,,,,,,
1964,9,4.0,,,,,,15.1,12.0,,,,,,,,,,,,,,,,,,,,,,,,,,,,,,,,,,,,
1964,10,4.0,,,,,,15.2,12.0,,,,,,,,,,,,,,,,,,,,,,,,,,,,,,,,,,,,
1964,11,4.071428571428571,,,,,,15.2,12.0,,,,,,,,,,,,,,,,,,,,,,,,,,,,,,,,,,,,
1964,12,4.25,,,,,,15.2,12.0,,,,,,,,,,,,,,,,,,,,,,,,,,,,,,,,,,,,
1965,1,4.25,,,,,,15.3,12.3,,,,,,,,,,,,,,,,,,,,,,,,,,,,,,,,,,,,
1965,2,4.25,,,,,,15.6,12.3,,,,,,,,,,,,,,,,,,,,,,,,,,,,,,,,,,,,
1965,3,4.25,,,,,,15.6,12.3,,,,,,,,,,,,,,,,,,,,,,,,,,,,,,,,,,,,
1965,4,4.25,,,,,,15.6,12.3,,,,,,,,,,,,,,,,,,,,,,,,,,,,,,,,,,,,
1965,5,4.25,,,,,,15.6,12.3,,,,,,,,,,,,,,,,,,,,,,,,,,,,,,,,,,,,
1965,6,4.25,,,,,,15.7,12.3,,,,,,,,,,,,,,,,,,,,,,,,,,,,,,,,,,,,
1965,7,4.25,,,,,,15.7,12.6,,,,,,,,,,,,,,,,,,,,,,,,,,,,,,,,,,,,
1965,8,4.25,,,,,,15.7,12.6,,,,,,,,,,,,,,,,,,,,,,,,,,,,,,,,,,,,
1965,9,4.25,,,,,,15.8,12.6,,,,,,,,,,,,,,,,,,,,,,,,,,,,,,,,,,,,
1965,10,4.25,,,,,,15.9,12.6,,,,,,,,,,,,,,,,,,,,,,,,,,,,,,,,,,,,
1965,11,4.25,,,,,,15.9,12.6,,,,,,,,,,,,,,,,,,,,,,,,,,,,,,,,,,,,
1965,12,4.684782608695652,,,,,,16.0,12.6,,,,,,,,,,,,,,,,,,,,,,,,,,,,,,,,,,,,
1966,1,4.75,,,,,,16.2,12.7,,,,,,,,,,,,,,,,,,,,,,,,,,,,,,,,,,,,
1966,2,4.75,,,,,,16.2,12.7,,,,,,,,,,,,,,,,,,,,,,,,,,,,,,,,,,,,
1966,3,5.054347826086956,,,,,,16.2,12.7,,,,,,,,,,,,,,,,,,,,,,,,,,,,,,,,,,,,
1966,4,5.25,,,,,,16.2,12.7,,,,,,,,,,,,,,,,,,,,,,,,,,,,,,,,,,,,
1966,5,5.25,,,,,,16.4,12.7,,,,,,,,,,,,,,,,,,,,,,,,,,,,,,,,,,,,
1966,6,5.25,,,,,,16.4,12.7,,,,,,,,,,,,,,,,,,,,,,,,,,,,,,,,,,,,
1966,7,5.25,,,,,,16.4,13.1,,,,,,,,,,,,,,,,,,,,,,,,,,,,,,,,,,,,
1966,8,5.25,,,,,,16.4,13.1,,,,,,,,,,,,,,,,,,,,,,,,,,,,,,,,,,,,
1966,9,5.25,,,,,,16.4,13.1,,,,,,,,,,,,,,,,,,,,,,,,,,,,,,,,,,,,
1966,10,5.25,,,,,,16.7,13.1,,,,,,,,,,,,,,,,,,,,,,,,,,,,,,,,,,,,
1966,11,5.25,,,,,,16.8,13.1,,,,,,,,,,,,,,,,,,,,,,,,,,,,,,,,,,,,
1966,12,5.25,,,,,,16.8,13.1,,,,,,,,,,,,,,,,,,,,,,,,,,,,,,,,,,,,
1967,1,5.2272727272727275,,,,,,16.8,13.3,,,,,,,,,,,,,,,,,,,,,,,,,,,,,,,,,,,,
1967,2,5.0,,,,,,16.8,13.3,,,,,,,,,,,,,,,,,,,,,,,,,,,,,,,,,,,,
1967,3,5.0,,,,,,17.0,13.3,,,,,,,,,,,,,,,,,,,,,,,,,,,,,,,,,,,,
1967,4,4.6,,,,,,17.5,13.3,,,,,,,,,,,,,,,,,,,,,,,,,,,,,,,,,,,,
1967,5,4.5,,,,,,17.6,13.3,,,,,,,,,,,,,,,,,,,,,,,,,,,,,,,,,,,,
1967,6,4.5,,,,,,17.7,13.3,,,,,,,,,,,,,,,,,,,,,,,,,,,,,,,,,,,,
1967,7,4.5,,,,,,17.7,13.7,,,,,,,,,,,,,,,,,,,,,,,,,,,,,,,,,,,,
1967,8,4.5,,,,,,17.8,13.7,,,,,,,,,,,,,,,,,,,,,,,,,,,,,,,,,,,,
1967,9,4.571428571428571,,,,,,17.8,13.7,,,,,,,,,,,,,,,,,,,,,,,,,,,,,,,,,,,,
1967,10,5.0,,,,,,18.0,13.7,,,,,,,,,,,,,,,,,,,,,,,,,,,,,,,,,,,,
1967,11,5.409090909090909,,,,,,18.1,13.7,,,,,,,,,,,,,,,,,,,,,,,,,,,,,,,,,,,,
1967,12,6.0,,,,,,18.2,13.7,,,,,,,,,,,,,,,,,,,,,,,,,,,,,,,,,,,,
1968,1,6.3478260869565215,,,,,,18.4,14.4,,,,,,,,,,,,,,,,,,,,,,,,,,,,,,,,,,,,
1968,2,7.0,,,,,,18.4,14.4,,,,,,,,,,,,,,,,,,,,,,,,,,,,,,,,,,,,
1968,3,7.261904761904762,,,,,,18.4,14.4,,,,,,,,,,,,,,,,,,,,,,,,,,,,,,,,,,,,
1968,4,7.5,,,,,,18.6,14.4,,,,,,,,,,,,,,,,,,,,,,,,,,,,,,,,,,,,
1968,5,7.5,,,,,,18.8,14.4,,,,,,,,,,,,,,,,,,,,,,,,,,,,,,,,,,,,
1968,6,7.5,,,,,,18.9,14.4,,,,,,,,,,,,,,,,,,,,,,,,,,,,,,,,,,,,
1968,7,6.956521739130435,,,,,,18.9,14.4,,,,,,,,,,,,,,,,,,,,,,,,,,,,,,,,,,,,
1968,8,6.5,,,,,,18.9,14.4,,,,,,,,,,,,,,,,,,,,,,,,,,,,,,,,,,,,
1968,9,6.023809523809524,,,,,,19.1,15.1,,,,,,,,,,,,,,,,,,,,,,,,,,,,,,,,,,,,
1968,10,6.0,,,,,,19.1,15.7,,,,,,,,,,,,,,,,,,,,,,,,,,,,,,,,,,,,
1968,11,6.0,,,,,,19.1,15.7,,,,,,,,,,,,,,,,,,,,,,,,,,,,,,,,,,,,
1968,12,6.2272727272727275,,,,,,19.2,15.7,,,,,,,,,,,,,,,,,,,,,,,,,,,,,,,,,,,,
1969,1,6.5,,,,,,19.4,16.1,,,,,,,,,,,,,,,,,,,,,,,,,,,,,,,,,,,,
1969,2,6.5,,,,,,19.6,16.1,,,,,,,,,,,,,,,,,,,,,,,,,,,,,,,,,,,,
1969,3,7.0,,,,,,19.9,16.1,,,,,,,,,,,,,,,,,,,,,,,,,,,,,,,,,,,,
1969,4,7.0,,,,,,20.2,16.5,,,,,,,,,,,,,,,,,,,,,,,,,,,,,,,,,,,,
1969,5,7.0,,,,,,20.5,16.5,,,,,,,,,,,,,,,,,,,,,,,,,,,,,,,,,,,,
1969,6,7.333333333333333,,,,,,20.5,16.5,,,,,,,,,,,,,,,,,,,,,,,,,,,,,,,,,,,,
1969,7,7.760869565217392,,,,,,20.5,17.1,,,,,,,,,,,,,,,,,,,,,,,,,,,,,,,,,,,,
1969,8,8.0,,,,,,20.5,17.1,,,,,,,,,,,,,,,,,,,,,,,,,,,,,,,,,,,,
1969,9,8.0,,,,,,20.4,17.1,,,,,,,,,,,,,,,,,,,,,,,,,,,,,,,,,,,,
1969,10,8.0,,,,,,20.4,17.6,,,,,,,,,,,,,,,,,,,,,,,,,,,,,,,,,,,,
1969,11,8.0,,,,,,20.4,17.6,,,,,,,,,,,,,,,,,,,,,,,,,,,,,,,,,,,,
1969,12,8.0,,,,,,20.7,17.6,,,,,,,,,,,,,,,,,,,,,,,,,,,,,,,,,,,,
1970,1,8.0,,,,,8.342380952380953,20.8,18.2,,,,,,,,,,,,,,,,,,,,,,,,,,,,,,,,,,,,
1970,2,8.0,,,,,8.1845,20.9,18.2,,,,,,,,,,,,,,,,,,,,,,,,,,,,,,,,,,,,
1970,3,8.0,,,,,8.07,21.2,18.2,,,,,,,,,,,,,,,,,,,,,,,,,,,,,,,,,,,,
1970,4,8.0,,,,,7.986818181818182,21.2,18.8,,,,,,,,,,,,,,,,,,,,,,,,,,,,,,,,,,,,
1970,5,7.666666666666667,,,,,8.129999999999999,21.5,18.8,,,,,,,,,,,,,,,,,,,,,,,,,,,,,,,,,,,,
1970,6,7.0,,,,,8.076363636363636,21.5,18.8,,,,,,,,,,,,,,,,,,,,,,,,,,,,,,,,,,,,
1970,7,7.0,,,,,8.007727272727273,21.6,19.5,,,,,,,,,,,,,,,,,,,,,,,,,,,,,,,,,,,,
1970,8,7.0,,,,,8.028571428571428,21.7,19.5,,,,,,,,,,,,,,,,,,,,,,,,,,,,,,,,,,,,
1970,9,6.5,,,,,7.97095238095238,21.8,19.5,,,,,,,,,,,,,,,,,,,,,,,,,,,,,,,,,,,,
1970,10,6.5,,,,,7.9,22.0,20.0,,,,,,,,,,,,,,,,,,,,,,,,,,,,,,,,,,,,
1970,11,6.190476190476191,,,,,7.814761904761905,22.2,20.0,,,,,,,,,,,,,,,,,,,,,,,,,,,,,,,,,,,,
1970,12,6.0,,,,,7.387272727272728,22.3,20.0,,,,,,,,,,,,,,,,,,,,,,,,,,,,,,,,,,,,
1971,1,6.0,,,,,6.789,22.4,20.6,,,,,,,,,,,,,,,,,,,,,,,,,,,,,,,,,,,,
1971,2,5.8,,,,,6.859,22.5,20.6,,,,,,,,,,,,,,,,,,,,,,,,,,,,,,,,,,,,
1971,3,5.25,,,,,6.929130434782609,22.6,20.6,,,,,,,,,,,,,,,,,,,,,,,,,,,,,,,,,,,,
1971,4,5.25,,,,,6.96952380952381,22.7,21.3,,,,,,,,,,,,,,,,,,,,,,,,,,,,,,,,,,,,
1971,5,5.25,,,,,7.183,22.9,21.3,,,,,,,,,,,,,,,,,,,,,,,,,,,,,,,,,,,,
1971,6,5.25,,,,,7.265454545454546,23.0,21.3,,,,,,,,,,,,,,,,,,,,,,,,,,,,,,,,,,,,
1971,7,5.25,,,,,7.382380952380952,23.1,21.8,,,,,,,,,,,,,,,,,,,,,,,,,,,,,,,,,,,,
1971,8,5.25,,,,,7.256363636363636,23.5,21.8,,,,,,,,,,,,,,,,,,,,,,,,,,,,,,,,,,,,
1971,9,5.25,,,,,6.937619047619047,23.6,21.8,,,,,,,,,,,,,,,,,,,,,,,,,,,,,,,,,,,,
1971,10,5.130952380952381,,,,,6.787000000000001,23.9,22.1,,,,,,,,,,,,,,,,,,,,,,,,,,,,,,,,,,,,
1971,11,4.75,,,,,6.676363636363636,24.2,22.1,,,,,,,,,,,,,,,,,,,,,,,,,,,,,,,,,,,,
1971,12,4.75,,,,,6.611363636363635,24.2,22.1,,,,,,,,,,,,,,,,,,,,,,,,,,,,,,,,,,,,
1972,1,4.75,,,,,6.7076190476190485,24.3,22.6,,,,,,,,,,,,,,,,,,,,,,,,,,,,,,,,,,,,
1972,2,4.75,,,,,6.906190476190476,24.7,22.6,,,,,,,,,,,,,,,,,,,,,,,,,,,,,,,,,,,,
1972,3,4.75,,,,,7.102727272727273,24.7,22.6,,,,,,,,,,,,,,,,,,,,,,,,,,,,,,,,,,,,
1972,4,4.75,,,,,7.199,24.9,23.0,,,,,,,,,,,,,,,,,,,,,,,,,,,,,,,,,,,,
1972,5,4.75,,,,,7.184347826086957,25.4,23.0,,,,,,,,,,,,,,,,,,,,,,,,,,,,,,,,,,,,
1972,6,4.75,,,,,7.198181818181819,25.5,23.0,,,,,,,,,,,,,,,,,,,,,,,,,,,,,,,,,,,,
1972,7,4.75,,,,,7.3405,25.7,23.4,,,,,,,,,,,,,,,,,,,,,,,,,,,,,,,,,,,,
1972,8,4.75,,,,,7.394347826086956,25.9,23.4,,,,,,,,,,,,,,,,,,,,,,,,,,,,,,,,,,,,
1972,9,4.75,,,,,7.452,26.1,23.4,,,,,,,,,,,,,,,,,,,,,,,,,,,,,,,,,,,,
1972,10,4.75,,,,,7.427142857142857,26.7,23.9,,,,,,,,,,,,,,,,,,,,,,,,,,,,,,,,,,,,
1972,11,4.75,,,,,7.311818181818182,27.1,24.4,,,,,,,,,,,,,,,,,,,,,,,,,,,,,,,,,,,,
1972,12,4.75,,,,,7.248947368421052,27.2,24.7,,,,,,,,,,,,,,,,,,,,,,,,,,,,,,,,,,,,
1973,1,4.75,,,,,7.21409090909091,27.5,25.0,,,,,,,,,,,,,,,,,,,,,,,,,,,,,,,,,,,,
1973,2,4.75,,,,,7.248,27.8,25.1,,,,,,,,,,,,,,,,,,,,,,,,,,,,,,,,,,,,
1973,3,4.75,,,,,7.335454545454545,28.1,25.2,,,,,,,,,,,,,,,,,,,,,,,,,,,,,,,,,,,,
1973,4,5.130952380952381,,,,,7.331999999999999,28.3,25.4,,,,,,,,,,,,,,,,,,,,,,,,,,,,,,,,,,,,
1973,5,5.554347826086956,,,,,7.513636363636365,29.1,25.5,,,,,,,,,,,,,,,,,,,,,,,,,,,,,,,,,,,,
1973,6,6.107142857142857,,,,,7.697619047619048,29.1,25.8,,,,,,,,,,,,,,,,,,,,,,,,,,,,,,,,,,,,
1973,7,6.25,,,,,7.725714285714286,29.4,26.0,,,,,,,,,,,,,,,,,,,,,,,,,,,,,,,,,,,,
1973,8,6.663043478260869,,,,,7.745217391304348,29.4,26.2,,,,,,,,,,,,,,,,,,,,,,,,,,,,,,,,,,,,
1973,9,7.05,,,,,7.776315789473684,29.6,26.5,,,,,,,,,,,,,,,,,,,,,,,,,,,,,,,,,,,,
1973,10,7.25,,,,,7.72,29.8,26.7,,,,,,,,,,,,,,,,,,,,,,,,,,,,,,,,,,,,
1973,11,7.25,,,,,7.720909090909092,30.2,27.0,,,,,,,,,,,,,,,,,,,,,,,,,,,,,,,,,,,,
1973,12,7.25,,,,,7.768947368421052,30.4,27.3,,,,,,,,,,,,,,,,,,,,,,,,,,,,,,,,,,,,
1974,1,7.25,,,,,7.879090909090909,30.6,27.6,,,,,,,,,,,,,,,,,,,,,,,,,,,,,,,,,,,,
1974,2,7.25,,,,,7.914499999999999,30.9,27.8,,,,,,,,,,,,,,,,,,,,,,,,,,,,,,,,,,,,
1974,3,7.25,,,,,8.045238095238094,31.0,28.1,,,,,,,,,,,,,,,,,,,,,,,,,,,,,,,,,,,,
1974,4,7.795454545454546,,,,,8.75095238095238,31.4,28.3,,,,,,,,,,,,,,,,,,,,,,,,,,,,,,,,,,,,
1974,5,8.576086956521738,,,,,9.010909090909092,32.1,28.6,,,,,,,,,,,,,,,,,,,,,,,,,,,,,,,,,,,,
1974,6,8.75,,,,,9.485,32.6,29.0,,,,,,,,,,,,,,,,,,,,,,,,,,,,,,,,,,,,
1974,7,8.880434782608695,,,,,9.993181818181816,32.6,29.4,,,,,,,,,,,,,,,,,,,,,,,,,,,,,,,,,,,,
1974,8,9.25,,,,,10.145454545454545,33.0,29.8,,,,,,,,,,,,,,,,,,,,,,,,,,,,,,,,,,,,
1974,9,9.25,,,,,9.9645,32.8,30.2,,,,,,,,,,,,,,,,,,,,,,,,,,,,,,,,,,,,
1974,10,9.25,,,,,9.595,32.7,30.7,,,,,,,,,,,,,,,,,,,,,,,,,,,,,,,,,,,,
1974,11,9.011904761904765,,,,,9.31047619047619,32.8,31.2,,,,,,,,,,,,,,,,,,,,,,,,,,,,,,,,,,,,
1974,12,8.75,,,,,9.296,33.0,31.5,,,,,,,,,,,,,,,,,,,,,,,,,,,,,,,,,,,,
1975,1,8.423913043478262,8.227272727272727,,,,8.934545454545455,32.0,31.8,,,,,,,,,,,,,,,,,,,,,,,,,,,,,,,,,,,,
1975,2,8.25,7.00625,,,,8.729000000000001,32.2,32.2,,,,,,,,,,,,,,,,,,,,,,,,,,,,,,,,,,,,
1975,3,8.25,6.73125,,,,8.8185,32.4,32.5,,,,,,,,,,,,,,,,,,,,,,,,,,,,,,,,,,,,
1975,4,8.25,6.840909090909091,,,,9.158181818181818,32.4,32.9,,,,,,,,,,,,,,,,,,,,,,,,,,,,,,,,,,,,
1975,5,8.25,6.994047619047619,,,,9.155714285714286,33.0,33.1,,,,,,,,,,,,,,,,,,,,,,,,,,,,,,,,,,,,
1975,6,8.25,7.029761904761905,,,,9.1925,33.8,33.3,,,,,,,,,,,,,,,,,,,,,,,,,,,,,,,,,,,,
1975,7,8.25,7.210227272727272,,,,9.537727272727274,34.3,33.7,,,,,,,,,,,,,,,,,,,,,,,,,,,,,,,,,,,,
1975,8,8.25,7.85625,,,,9.816666666666666,35.0,34.0,,,,,,,,,,,,,,,,,,,,,,,,,,,,,,,,,,,,
1975,9,8.931818181818182,8.029761904761905,,,,10.081428571428573,35.2,34.4,,,,,,,,,,,,,,,,,,,,,,,,,,,,,,,,,,,,
1975,10,9.0,8.318181818181818,,,,9.898636363636363,35.2,34.8,,,,,,,,,,,,,,,,,,,,,,,,,,,,,,,,,,,,
1975,11,9.0,8.763157894736842,,,,9.82684210526316,35.8,35.2,,,,,,,,,,,,,,,,,,,,,,,,,,,,,,,,,,,,
1975,12,9.0,9.44047619047619,,,,9.88,36.0,35.7,,,,,,,,,,,,,,,,,,,,,,,,,,,,,,,,,,,,
1976,1,9.0,9.273809523809524,,,,9.68190476190476,36.4,36.1,,,,,,,,,,,,,,,,54.84545454545455,59.33636363636363,7.736363636363635,,,,,,,,,,,,,,,,,,
1976,2,9.0,9.28125,,,,9.5915,36.6,36.4,,,,,,,,,,,,,,,,54.88181818181818,59.38181818181818,7.754545454545454,,,,,,,,,,,,,,,,,,
1976,3,9.391304347826088,9.657608695652174,,,,9.85304347826087,36.8,36.9,,,,,,,,,,,,,,,,55.02727272727272,59.209090909090904,7.227272727272728,,,,,,,,,,,,,,,,,,
1976,4,9.5,9.178571428571429,,,,9.66809523809524,37.2,37.3,,,,,,,,,,,,,,,,55.14545454545455,59.42727272727273,7.409090909090909,,,,,,,,,,,,,,,,,,
1976,5,9.5,9.2125,,,,9.7275,37.7,37.8,,,,,,,,,,,,,,,,54.86363636363637,59.23636363636364,7.590909090909091,,,,,,,,,,,,,,,,,,
1976,6,9.5,9.409090909090908,,,,9.745454545454546,38.5,38.3,,,,,,,,,,,,,,,,54.68181818181818,59.13636363636363,7.736363636363635,,,,,,,,,,,,,,,,,,
1976,7,9.5,9.428571428571429,,,,9.798095238095238,38.5,38.6,,,,,,,,,,,,,,,,54.57272727272727,59.32727272727273,8.245454545454546,,,,,,,,,,,,,,,,,,
1976,8,9.5,9.522727272727272,,,,9.645238095238096,38.6,39.1,,,,,,,,,,,,,,,,54.7,59.23636363636364,7.872727272727272,,,,,,,,,,,,,,,,,,
1976,9,9.5,9.49404761904762,,,,9.4615,38.9,39.5,,,,,,,,,,,,,,,,54.88181818181818,59.31818181818182,7.727272727272728,,,,,,,,,,,,,,,,,,
1976,10,9.5,9.5375,,,,9.409,39.3,40.0,,,,,,,,,,,,,,,,54.627272727272725,59.23636363636364,8.009090909090908,,,,,,,,,,,,,,,,,,
1976,11,9.340909090909092,9.416666666666666,,,,9.312380952380952,39.5,40.3,,,,,,,,,,,,,,,,54.89090909090908,59.52727272727272,8.018181818181818,,,,,,,,,,,,,,,,,,
1976,12,8.826086956521738,9.142272727272728,,,,8.953636363636363,39.7,40.8,,,,,,,,,,,,,,,,54.81818181818182,59.39090909090908,7.963636363636363,,,,,,,,,,,,,,,,,,
1977,1,8.5,8.90625,,,,8.895,40.0,41.1,,,,,,,,,,,,,,,,54.61818181818182,59.39090909090908,8.263636363636364,,,,,,,,,,,,,,,,,,
1977,2,8.0,8.23125,,,,8.994,40.1,41.5,,,,,,,,,,,,,,,,54.67272727272727,59.627272727272725,8.590909090909092,,,,,,,,,,,,,,,,,,
1977,3,8.0,7.923913043478261,,,,9.14391304347826,40.3,41.7,,,,,,,,,,,,,,,,54.654545454545456,59.64545454545455,8.581818181818182,,,,,,,,,,,,,,,,,,
1977,4,8.0,7.85,,,,9.1565,40.5,41.9,,,,,,,,,,,,,,,,54.64545454545455,59.67272727272727,8.663636363636364,,,,,,,,,,,,,,,,,,
1977,5,7.613636363636363,7.446428571428571,,,,9.10904761904762,40.8,42.1,,,,,,,,,,,,,,,,54.53636363636363,59.52727272727272,8.600000000000001,,,,,,,,,,,,,,,,,,
1977,6,7.5,7.380681818181818,,,,9.105909090909092,41.8,42.5,,,,,,,,,,,,,,,,54.46363636363637,59.46363636363637,8.645454545454545,,,,,,,,,,,,,,,,,,
1977,7,7.5,7.6625,,,,9.064,42.1,42.8,,,,,,,,,,,,,,,,54.40909090909091,59.51818181818182,8.836363636363636,,,,,,,,,,,,,,,,,,
1977,8,7.5,7.880434782608695,,,,9.06304347826087,42.4,43.1,,,,,,,,,,,,,,,,54.57272727272727,59.73636363636364,8.89090909090909,,,,,,,,,,,,,,,,,,
1977,9,7.5,7.089285714285714,,,,8.953809523809523,42.5,43.3,,,,,,,,,,,,,,,,54.31818181818182,59.54545454545455,9.036363636363635,,,,,,,,,,,,,,,,,,
1977,10,7.5,7.71875,,,,9.0445,42.8,43.6,,,,,,,,,,,,,,,,54.35454545454545,59.66363636363636,9.172727272727274,,,,,,,,,,,,,,,,,,
1977,11,7.5,7.75,,,,9.07,43.1,44.0,,,,,,,,,,,,,,,,54.41818181818182,59.86363636363637,9.354545454545455,,,,,,,,,,,,,,,,,,
1977,12,7.5,7.1065,,,,9.096,43.2,44.3,,,,,,,,,,,,,,,,54.41818181818182,59.84545454545455,9.318181818181818,,,,,,,,,,,,,,,,,,
1978,1,7.5,7.267857142857143,,,,9.41095238095238,43.3,44.6,,,,,,,,,,,,,,,,54.49090909090909,59.74545454545455,8.981818181818182,,,,,,,,,,,,,,,,,,
1978,2,7.5,7.49375,,,,9.5125,43.6,44.9,,,,,,,,,,,,,,,,54.67272727272727,59.92727272727273,9.027272727272727,,,,,,,,,,,,,,,,,,
1978,3,7.869565217391305,7.369318181818182,,,,9.455454545454543,44.0,45.1,,,,,,,,,,,,,,,,54.64545454545455,60.01818181818182,9.154545454545454,,,,,,,,,,,,,,,,,,
1978,4,8.475,7.46875,,,,9.502,43.7,45.5,,,,,,,,,,,,,,,,54.61818181818182,60.03636363636363,9.272727272727272,,,,,,,,,,,,,,,,,,
1978,5,8.5,7.90409090909091,,,,9.385909090909092,44.2,45.7,,,,,,,,,,,,,,,,54.83636363636364,60.26363636363636,9.290909090909093,,,,,,,,,,,,,,,,,,
1978,6,8.5,8.125,,,,9.517272727272728,44.9,46.0,,,,,,,,,,,,,,,,55.10909090909092,60.40909090909091,9.018181818181818,,,,,,,,,,,,,,,,,,
1978,7,8.595238095238095,8.693999999999999,,,,9.448,45.1,46.4,,,,,,,,,,,,,,,,55.22727272727273,60.54545454545455,8.981818181818182,,,,,,,,,,,,,,,,,,
1978,8,9.0,9.0,,,,9.377391304347826,45.4,46.7,,,,,,,,,,,,,,,,55.26363636363636,60.60909090909092,9.063636363636364,,,,,,,,,,,,,,,,,,
1978,9,9.333333333333334,8.25675,,,,9.44,54.845454545454544,46.8,40.07692307692308,,,,,,,,,,,,,,,55.36363636363637,60.74545454545455,9.045454545454543,,,,,,,,,,,,,,,,,,
1978,10,9.909090909090908,9.452380952380953,,,,9.645714285714286,54.98181818181818,47.1,40.5,,,,,,,,,,,,,,,55.74545454545455,61.054545454545455,8.936363636363636,,,,,,,,,,,,,,,,,,
1978,11,10.681818181818182,9.291904761904762,,,,9.81590909090909,54.872727272727275,47.4,40.62692307692308,,,,,,,,,,,,,,,55.67272727272727,60.97272727272727,8.9,,,,,,,,,,,,,,,,,,
1978,12,10.75,9.407894736842104,,,,9.882631578947368,54.93636363636363,47.5,40.76923076923077,,,,,,,,,,,,,,,55.71818181818182,61.10909090909092,9.054545454545456,,,,,,,,,,,,,,,,,,
1979,1,11.206521739130435,11.483181818181816,,,,10.208181818181815,54.945454545454545,47.9,40.99615384615385,,,,,,,,,,,,,,,55.89090909090908,61.32727272727273,9.1,,,,,,,,,,,,,,,,,,
1979,2,11.25,10.813,,,,10.25,54.95454545454545,48.1,41.20769230769231,,,,,,,,,,,,,,,55.73636363636364,61.09090909090909,8.990909090909092,,,,,,,,,,,,,,,,,,
1979,3,11.25,12.1875,,,,10.27590909090909,55.14545454545455,48.3,41.37692307692308,,,,,,,,,,,,,,,56.02727272727272,61.3,8.854545454545455,,,,,,,,,,,,,,,,,,
1979,4,11.25,11.775,,,,10.1065,55.36363636363637,48.6,41.50384615384615,,,,,,,,,,,,,,,55.96363636363637,61.372727272727275,8.981818181818182,,,,,,,,,,,,,,,,,,
1979,5,11.25,11.693181818181818,,,,10.06,55.36363636363637,48.6,41.61538461538461,,,,,,,,,,,,,,,56.22727272727273,61.345454545454544,8.536363636363637,,,,,,,,,,,,,,,,,,
1979,6,11.25,10.910714285714286,,,,10.05142857142857,55.56363636363637,48.8,41.86538461538461,,,,,,,,,,,,,,,56.36363636363637,61.28181818181818,8.218181818181819,,,,,,,,,,,,,,,,,,
1979,7,11.409090909090908,11.916666666666666,,,,10.091904761904765,55.72727272727273,48.9,42.0,,,,,,,,,,,,,,,56.50909090909091,61.3,8.009090909090908,,,,,,,,,,,,,,,,,,
1979,8,11.75,11.0625,,,,10.335454545454546,55.872727272727275,49.0,42.176923076923075,,,,,,,,,,,,,,,56.66363636363636,61.49090909090909,8.018181818181818,,,,,,,,,,,,,,,,,,
1979,9,12.125,10.36842105263158,,,,10.59,56.2,49.3,42.68076923076923,,,,,,,,,,,,,,,56.74545454545455,61.40909090909091,7.809090909090909,,,,,,,,,,,,,,,,,,
1979,10,13.021739130434783,12.857954545454543,,,,11.166818181818185,56.57272727272727,49.6,42.934615384615384,,,,,,,,,,,,,,,56.86363636363637,61.63636363636363,7.954545454545454,,,,,,,,,,,,,,,,,,
1979,11,14.0,12.511904761904765,,,,11.413333333333334,56.6,49.9,43.16538461538461,,,,,,,,,,,,,,,56.98181818181818,61.709090909090904,7.854545454545455,,,,,,,,,,,,,,,,,,
1979,12,14.0,14.63157894736842,,,,11.462105263157897,57.16363636363636,50.5,43.38076923076923,,,,,,,,,,,,,,,56.98181818181818,61.82727272727273,8.081818181818182,,,,,,,,,,,,,,,,,,
1980,1,14.0,14.278409090909092,,,,12.006363636363636,57.57272727272727,50.9,43.5923076923077,,,,,,,,,,,,,,,57.03636363636363,61.97272727272728,8.163636363636364,,,,,,,,,,,,,,,,,,
1980,2,14.0,12.904761904761903,,,,12.931428571428572,57.690909090909095,51.3,43.9076923076923,,,,,,,,,,,,,,,57.01818181818181,61.98181818181818,8.19090909090909,,,,,,,,,,,,,,,,,,
1980,3,14.446190476190475,12.702380952380953,,,,13.612380952380953,58.47272727272728,51.8,44.33846153846154,,,,,,,,,,,,,,,56.99090909090909,61.88181818181818,8.118181818181817,,,,,,,,,,,,,,,,,,
1980,4,15.992727272727272,16.63095238095238,,,,13.0,59.66363636363636,52.5,44.63076923076923,,,,,,,,,,,,,,,57.09090909090909,62.03636363636363,8.154545454545454,,,,,,,,,,,,,,,,,,
1980,5,13.516363636363636,17.767857142857142,,,,11.933333333333334,59.98181818181818,53.4,44.89615384615384,,,,,,,,,,,,,,,56.73636363636364,61.72727272727273,8.299999999999999,,,,,,,,,,,,,,,,,,
1980,6,11.24904761904762,16.05952380952381,,,,11.59,60.42727272727273,53.8,45.176923076923075,,,,,,,,,,,,,,,56.72727272727273,61.709090909090904,8.281818181818181,,,,,,,,,,,,,,,,,,
1980,7,10.385652173913044,11.960454545454546,,,,11.785454545454543,60.690909090909095,54.3,45.51923076923077,,,,,,,,,,,,,,,56.6,61.54545454545455,8.209090909090909,,,,,,,,,,,,,,,,,,
1980,8,10.391428571428571,9.8375,,,,12.637,60.809090909090905,54.6,45.94615384615384,,,,,,,,,,,,,,,56.68181818181818,61.63636363636363,8.218181818181817,,,,,,,,,,,,,,,,,,
1980,9,10.846363636363636,10.0,,,,12.99904761904762,61.45454545454545,55.2,46.24230769230769,,,,,,,,,,,,,,,57.1,61.85454545454545,7.890909090909091,,,,,,,,,,,,,,,,,,
1980,10,11.748695652173913,11.0,,,,13.101818181818182,61.75454545454545,55.7,47.150000000000006,,,,,,,,,,,,,,,57.32727272727273,62.10909090909092,7.863636363636363,,,,,,,,,,,,,,,,,,
1980,11,12.8515,11.25657894736842,,,,13.38157894736842,62.4,56.4,47.676923076923075,,,,,,,,,,,,,,,57.28181818181818,62.04545454545455,7.918181818181818,,,,,,,,,,,,,,,,,,
1980,12,16.059565217391306,16.535714285714285,,,,13.276666666666667,62.85454545454545,57.0,48.04615384615385,,,,,,,,,,,,,,,57.3,62.11818181818182,8.009090909090908,,,,,,,,,,,,,,,,,,
1981,1,17.062272727272727,17.952380952380953,,,,13.165714285714287,63.13636363636363,57.8,48.81923076923077,,,,,,,,,,,,,,,57.51818181818182,62.48181818181818,8.181818181818182,,,,,,,,,,,,,,,,,,
1981,2,17.1245,16.8875,,,,13.605,63.73636363636364,58.5,49.16538461538461,,,,,,,,,,,,,,,57.71818181818182,62.71818181818182,8.200000000000001,,,,,,,,,,,,,,,,,,
1981,3,16.922727272727272,18.125,,,,13.745909090909093,64.33636363636364,59.3,49.857692307692304,,,,,,,,,,,,,,,57.554545454545455,62.57272727272727,8.227272727272727,,,,,,,,,,,,,,,,,,
1981,4,17.077727272727273,17.678809523809523,,,,14.643809523809525,64.91818181818182,60.2,50.184615384615384,,,,,,,,,,,,,,,57.77272727272727,62.56363636363637,7.836363636363637,,,,,,,,,,,,,,,,,,
1981,5,18.643333333333334,17.76875,,,,15.5915,65.89999999999999,61.2,50.85384615384616,70.99069213071428,,,,,,,,,,,,,,58.06363636363637,62.76363636363636,7.681818181818182,,,,,,,,,,,,,,,,,,
1981,6,19.025454545454547,19.835227272727273,,,,15.160909090909092,66.77272727272727,62.3,51.79230769230769,73.48843119933333,,,,,,,,,,,,,,57.61818181818182,62.5,7.981818181818181,,,,,,,,,,,,,,,,,,
1981,7,19.37217391304348,19.829545454545453,,,,16.401818181818182,67.10000000000001,63.6,52.31153846153846,74.79881569064517,,,,,,,,,,,,,,57.39090909090908,62.24545454545455,8.027272727272727,,,,,,,,,,,,,,,,,,
1981,8,21.025238095238095,21.8125,,,,16.9535,67.16363636363636,64.9,52.95769230769231,68.09887454419355,,,,,,,,,,,,,,57.36363636363637,62.154545454545456,7.9363636363636365,,,,,,,,,,,,,,,,,,
1981,9,20.13590909090909,20.30952380952381,,,,17.413333333333334,66.81818181818181,66.4,53.66153846153846,74.152105523,,,,,,,,,,,,,,57.18181818181818,62.74545454545455,9.145454545454546,,,,,,,,,,,,,,,,,,
1981,10,18.737272727272728,19.511904761904763,,,,17.04714285714286,66.73636363636363,68.1,54.607692307692304,71.33534945258064,,,,,,,,,,,,,,56.88181818181818,62.38181818181818,9.081818181818182,,,,,,,,,,,,,,,,,,
1981,11,16.492380952380955,19.76875,,,,15.22,66.10000000000001,69.5,55.0,70.77564707466667,,,,,,,,,,,,,,56.93636363636363,62.43636363636363,9.063636363636364,,,,,,,,,,,,,,,,,,
1981,12,15.130869565217392,16.071428571428573,,,,15.272380952380953,66.30909090909091,70.8,55.638461538461534,75.28588514225807,,,,,,,,,,,,,,56.66363636363636,62.25454545454546,9.227272727272728,,,,,,,,,,,,,,,,,,
1982,1,14.722380952380954,14.488,,,,16.1185,66.50909090909092,71.8,56.02692307692307,68.81482910483871,,,,,,,,,,,,,,56.53636363636363,62.07272727272727,9.127272727272729,,,,,,,,,,,,,,,,,,
1982,2,14.759,14.52575,,,,16.102,66.61818181818181,73.0,56.64615384615384,72.48787110892857,,,,,,,,,,,,,,56.3,62.03636363636363,9.490909090909092,,,,,,,,,,,,,,,,,,
1982,3,15.049565217391304,16.45108695652174,,,,15.471739130434784,66.4090909090909,74.2,57.660714285714285,76.12890019903226,,,,,,,,,,,,,,56.2,62.154545454545456,9.80909090909091,,,,,,,,,,,,,,,,,,
1982,4,15.338181818181818,14.75,,,,15.461904761904762,65.86363636363636,75.5,57.94642857142857,75.37211928366666,,,,,,,,,,,,,,55.9,62.23636363636364,10.4,,,,,,,,,,,,,,,,,,
1982,5,15.306190476190476,16.357,,,,15.296,65.57272727272726,76.7,58.396428571428565,68.41419234193549,,,,,,,,,,,,,,55.27272727272727,61.96363636363637,11.009090909090908,,,,,,,,,,,,,,,,,,
1982,6,16.23,16.251363636363635,,,,16.079090909090908,65.0909090909091,77.9,58.607142857142854,73.20852490733334,,,,,,,,,,,,,,55.03636363636363,62.11818181818182,11.60909090909091,,,,,,,,,,,,,,,,,,
1982,7,16.147727272727273,16.382380952380952,,,,16.319523809523808,65.00909090909092,79.1,59.214285714285715,71.5741926167742,,,,,,,,,,,,,,54.91818181818182,62.21818181818182,11.945454545454544,,,,,,,,,,,,,,,,,,
1982,8,14.811363636363636,16.840238095238096,,,,15.22809523809524,64.8,80.3,59.74285714285714,73.31293878225807,,,,,,,,,,,,,,54.41818181818182,61.86363636363637,12.254545454545456,,,,,,,,,,,,,,,,,,
1982,9,13.503636363636362,14.377142857142855,,,,14.310476190476187,64.87272727272727,81.5,60.58571428571429,77.96899451966667,,,,,,,,,,,,,,54.27272727272727,61.91818181818182,12.572727272727274,,,,,,,,,,,,,,,,,,
1982,10,12.066190476190476,13.933000000000002,,,,13.408,64.85454545454546,82.4,61.517857142857146,72.75107203548387,,,,,,,,,,,,,,54.22727272727273,62.145454545454534,12.945454545454544,,,,,,,,,,,,,,,,,,
1982,11,11.020454545454545,12.585714285714284,,,,12.459523809523809,64.64545454545454,83.0,61.70357142857143,77.93871949633333,,,,,,,,,,,,,,54.07272727272727,62.08181818181818,13.090909090909092,,,,,,,,,,,,,,,,,,
1982,12,10.583478260869564,11.687142857142858,,,,12.152380952380954,64.63636363636364,83.5,61.896428571428565,76.65315388161291,,,,,,,,,,,,,,54.190909090909095,62.24545454545455,13.090909090909092,,,,,,,,,,,,,,,,,,
1983,1,9.813809523809525,11.989,,,,12.152,64.48181818181818,83.8,61.86785714285714,71.7265806,,,,,,,,,,,,,,54.18181818181818,62.09090909090909,12.872727272727271,,,,,,,,,,,,,,,,,,
1983,2,9.68,10.233,,,,12.195,64.46363636363637,84.1,62.05,76.2701023675,,,,,,,,,,,,,,54.33636363636364,62.13636363636363,12.754545454545456,,,,,,,,,,,,,,,,,,
1983,3,9.466956521739132,9.611304347826088,,,,12.039565217391305,64.68181818181819,84.4,62.739285714285714,79.64300282806452,,,,,,,,,,,,,,54.5,62.27272727272727,12.645454545454545,,,,,,,,,,,,,,,,,,
1983,4,9.47,9.9395,,,,11.701,64.55454545454546,84.5,62.925,74.923401669,,,,,,,,,,,,,,54.627272727272725,62.38181818181818,12.627272727272729,,,,,,,,,,,,,,,,,,
1983,5,9.364090909090908,10.16904761904762,,,,11.452857142857145,64.94545454545454,84.6,63.11071428571428,76.11959418064515,,,,,,,,,,,,,,54.64545454545455,62.47272727272728,12.681818181818182,,,,,,,,,,,,,,,,,,
1983,6,9.498181818181818,9.150909090909092,,,,11.725454545454545,64.80909090909091,84.8,63.31071428571429,79.23153367333333,,,,,,,,,,,,,,54.809090909090905,62.75454545454545,12.827272727272726,,,,,,,,,,,,,,,,,,
1983,7,9.481428571428571,9.696000000000002,,,,12.162,64.8,84.9,63.596428571428575,73.50688136354839,,,,,,,,,,,,,,54.9,62.654545454545456,12.554545454545456,,,,,,,,,,,,,,,,,,
1983,8,9.583478260869564,9.357272727272727,,,,12.311363636363636,65.03636363636363,84.9,64.08214285714286,81.18636572000001,,,,,,,,,,,,,,55.127272727272725,62.77272727272727,12.354545454545455,,,,,,,,,,,,,,,,,,
1983,9,9.517272727272728,9.314285714285711,,,,12.290476190476191,65.68181818181819,85.1,64.19642857142857,80.29886419633334,,,,,,,,,,,,,,55.127272727272725,62.654545454545456,12.19090909090909,,,,,,,,,,,,,,,,,,
1983,10,9.468571428571428,9.43,,,,12.0905,65.78181818181818,85.3,64.54642857142856,73.61605733645162,,,,,,,,,,,,,,55.054545454545455,62.53636363636363,12.172727272727274,,,,,,,,,,,,,,,,,,
1983,11,9.55590909090909,9.366190476190477,,,,12.0725,65.83636363636364,85.3,64.65,80.03499218766666,,,,,,,,,,,,,,55.00909090909091,62.445454545454545,12.109090909090908,,,,,,,,,,,,,,,,,,
1983,12,9.939545454545454,9.218,,,,12.3495,65.89999999999999,85.3,64.9,77.29738007967742,,,,,,,,,,,,,,54.88181818181818,62.38181818181818,12.236363636363636,,,,,,,,,,,,,,,,,,
1984,1,9.977272727272728,9.74095238095238,,,,12.238095238095235,65.97272727272728,85.3,65.23214285714286,77.55954689774192,,,,,,,,,,,,,,54.89090909090908,62.32727272727273,12.136363636363637,,,,,,,,,,,,,,,,,,
1984,2,10.003809523809522,9.54047619047619,,,,12.327619047619049,66.0,85.2,65.44642857142857,78.59865027689656,,,,,,,,,,,,,,54.89090909090908,62.33636363636364,12.19090909090909,,,,,,,,,,,,,,,,,,
1984,3,10.432272727272728,9.401363636363635,,,,13.106363636363636,66.67272727272727,85.2,65.54285714285714,74.79916297354839,,,,,,,,,,,,,,54.872727272727275,62.345454545454544,12.145454545454545,,,,,,,,,,,,,,,,,,
1984,4,10.807142857142855,10.00575,,,,13.488,66.96363636363637,85.2,65.67142857142856,73.56955459866667,,,,,,,,,,,,,,54.77272727272727,62.345454545454544,12.345454545454546,,,,,,,,,,,,,,,,,,
1984,5,11.461739130434784,9.759545454545451,,,,13.905454545454546,66.97272727272728,85.3,65.775,78.13502896387097,,,,,,,,,,,,,,54.89090909090908,62.74545454545455,12.71818181818182,,,,,,,,,,,,,,,,,,
1984,6,11.84904761904762,10.901904761904762,,,,13.901904761904762,66.97272727272728,85.6,65.8,73.276643186,,,,,,,,,,,,,,55.309090909090905,62.91818181818182,12.28181818181818,,,,,,,,,,,,,,,,,,
1984,7,12.96818181818182,11.607857142857144,,,,13.871904761904762,67.04545454545455,85.8,65.89642857142857,74.20871927548387,,,,,,,,,,,,,,55.45454545454545,63.00909090909091,12.163636363636364,,,,,,,,,,,,,,,,,,
1984,8,12.490869565217391,12.291363636363638,,,,13.07409090909091,66.94545454545454,86.1,66.01071428571429,78.99540368258064,,,,,,,,,,,,,,55.47272727272728,63.127272727272725,12.318181818181818,,,,,,,,,,,,,,,,,,
1984,9,12.346,12.224210526315789,,,,12.884736842105264,66.85454545454546,86.4,66.22857142857143,71.30919530133333,,,,,,,,,,,,,,55.28181818181818,63.6,13.272727272727272,,,,,,,,,,,,,,,,,,
1984,10,12.100434782608696,12.204772727272728,,,,12.73090909090909,66.8,86.6,66.63214285714285,79.48974313774194,,,,,,,,,,,,,,55.21818181818182,63.16363636363636,12.763636363636364,,,,,,,,,,,,,,,,,,
1984,11,11.227272727272728,11.988809523809524,,,,12.256666666666666,66.93636363636364,86.6,67.18571428571428,78.22219387833334,,,,,,,,,,,,,,55.154545454545456,62.93636363636363,12.6,,,,,,,,,,,,,,,,,,
1984,12,10.460476190476191,10.66925,,,,12.07421052631579,67.24545454545455,86.7,67.87241379310345,72.91947040064515,,,,,,,,,,,,,,55.14545454545455,62.88181818181818,12.545454545454543,,,,,,,,,,,,,,,,,,
1985,1,9.796956521739132,10.011363636363637,,,,11.79590909090909,67.31818181818181,86.9,68.26206896551724,80.40588466580644,,,,,,,,,,,,,,55.33636363636364,62.9,12.29090909090909,,,,,,,,,,,,,,,,,,
1985,2,10.461,9.65625,,,,12.0855,67.51818181818182,87.0,68.47586206896551,76.78023043071428,,,,,,,,,,,,,,55.445454545454545,63.11818181818182,12.38181818181818,,,,,,,,,,,,,,,,,,
1985,3,11.465714285714286,10.518095238095238,,,,12.436666666666667,67.66363636363636,87.3,68.55862068965517,71.17859156741936,,,,,,,,,,,,,,55.58181818181818,63.36363636363637,12.509090909090908,,,,,,,,,,,,,,,,,,
1985,4,10.239545454545455,10.142857142857142,,,,11.83190476190476,68.04545454545455,87.5,68.81379310344828,76.65002162833333,,,,,,,,,,,,,,55.64545454545455,63.35454545454545,12.38181818181818,,,,,,,,,,,,,,,,,,
1985,5,9.825652173913044,10.029318181818182,,,,11.33681818181818,68.11818181818181,87.6,68.96896551724137,77.12008313774193,,,,,,,,,,,,,,55.75454545454545,63.33636363636364,12.254545454545456,,,,,,,,,,,,,,,,,,
1985,6,9.6295,9.99375,,,,10.967,68.04545454545455,87.5,69.12068965517241,69.576238304,,,,,,,,,,,,,,55.73636363636364,63.4,12.318181818181818,,,,,,,,,,,,,,,,,,
1985,7,9.432173913043478,9.26159090909091,,,,11.05090909090909,68.21818181818182,87.3,69.10344827586206,77.33879226354838,,,,,,,,,,,,,,56.054545454545455,63.54545454545455,12.0,,,,,,,,,,,,,,,,,,
1985,8,9.277272727272727,9.05952380952381,,,,10.994285714285716,68.38181818181819,87.2,69.19310344827586,73.04633107903226,,,,,,,,,,,,,,56.01818181818182,63.53636363636363,12.090909090909092,,,,,,,,,,,,,,,,,,
1985,9,9.219047619047618,8.69375,,,,11.0615,68.57272727272726,87.0,69.30689655172414,71.758602829,,,,,,,,,,,,,,56.25454545454545,63.39090909090908,11.509090909090908,,,,,,,,,,,,,,,,,,
1985,10,8.857826086956521,8.761363636363637,,,,10.955,68.77272727272727,86.9,69.53103448275863,74.37983531741935,,,,,,,,,,,,,,56.13636363636363,63.54545454545455,11.88181818181818,,,,,,,,,,,,,,,,,,
1985,11,8.915238095238095,9.1125,,,,10.4555,68.98181818181818,86.7,69.69655172413793,69.16310075266667,,,,,,,,,,,,,,56.25454545454545,63.82727272727273,12.072727272727274,,,,,,,,,,,,,,,,,,
1985,12,9.317727272727272,9.475,,,,10.112,69.27272727272727,86.7,69.76551724137931,68.26322806193548,,,,,,,,,,,,,,56.57272727272727,63.92727272727273,11.70909090909091,,,,,,,,,,,,,,,,,,
1986,1,10.164782608695653,10.125,,,,10.391818181818184,69.33636363636364,86.6,70.01379310344826,70.48889989741936,,,,,,,,,,,,,,56.73636363636364,63.91818181818182,11.463636363636365,,,,,,,,,,,,,,,,,,
1986,2,11.6525,12.50625,,,,10.23,69.68181818181819,86.6,70.2103448275862,66.82010768,,,,,,,,,,,,,,56.790909090909096,63.96363636363637,11.463636363636365,,,,,,,,,,,,,,,,,,
1986,3,10.94047619047619,12.9375,,,,9.7955,70.14545454545454,86.7,70.17241379310344,62.969732910967736,,,,,,,,,,,,,,56.81818181818182,64.06363636363636,11.509090909090908,,,,,,,,,,,,,,,,,,
1986,4,9.578636363636363,10.460227272727272,,,,8.981818181818182,70.37272727272727,86.7,69.78620689655172,68.77342370366667,,,,,,,,,,,,,,57.0,64.12727272727273,11.363636363636363,,,,,,,,,,,,,,,,,,
1986,5,8.668636363636365,8.571428571428571,,,,9.036666666666669,70.7909090909091,86.7,69.86896551724138,66.57686728419355,,,,,,,,,,,,,,56.78181818181818,63.83636363636364,11.236363636363636,,,,,,,,,,,,,,,,,,
1986,6,8.809999999999999,8.28595238095238,,,,9.214285714285714,71.05454545454546,86.6,69.65517241379311,65.172316022,,,,,,,,,,,,,,56.77272727272727,64.03636363636363,11.545454545454543,,,,,,,,,,,,,,,,,,
1986,7,8.571304347826088,8.476818181818182,,,,9.094090909090909,71.18181818181819,86.6,69.74137931034483,68.69650490064517,,,,,,,,,,,,,,56.72727272727273,64.03636363636363,11.681818181818182,,,,,,,,,,,,,,,,,,
1986,8,8.566666666666666,8.10625,,,,8.9825,71.32727272727273,86.6,69.88275862068966,61.85872080967742,,,,,,,,,,,,,,56.81818181818182,64.06363636363636,11.554545454545456,,,,,,,,,,,,,,,,,,
1986,9,8.57,8.136904761904763,,,,9.136190476190476,71.8,86.6,69.76896551724138,67.11104759833333,,,,,,,,,,,,,,56.98181818181818,63.9,11.054545454545456,,,,,,,,,,,,,,,,,,
1986,10,8.57391304347826,8.318181818181818,,,,9.271363636363636,72.34545454545454,86.6,70.40689655172413,67.90204412419355,,,,,,,,,,,,,,57.054545454545455,64.02727272727272,11.127272727272729,,,,,,,,,,,,,,,,,,
1986,11,8.5315,8.282894736842104,,,,9.1,72.64545454545454,86.7,70.67241379310344,61.6328942,,,,,,,,,,,,,,56.9,63.97272727272728,11.263636363636364,,,,,,,,,,,,,,,,,,
1986,12,8.464782608695652,8.303571428571429,,,,8.877619047619048,73.11818181818181,86.8,70.87586206896552,68.71411404032258,,,,,,,,,,,,,,56.709090909090904,63.82727272727273,11.381818181818184,,,,,,,,,,,,,,,,,,
1987,1,8.135454545454545,8.13995238095238,,,,8.588571428571427,73.35454545454546,86.9,71.04827586206896,65.46060748,,,,,,,,,,,,,,56.77272727272727,63.93636363636363,11.41818181818182,,,,,,,,,,,,,,,,,,
1987,2,7.569,7.37505,,,,8.743,73.60909090909091,87.2,71.23793103448276,66.98072939571429,,,,,,,,,,,,,,56.9,63.945454545454545,11.209090909090907,,,,,,,,,,,,,,,,,,
1987,3,7.299545454545455,7.179136363636363,,,,8.636363636363637,74.83636363636363,87.0,71.36551724137931,67.22971684645161,,,,,,,,,,,,,,57.08181818181818,64.11818181818181,11.2,,,,,,,,,,,,,,,,,,
1987,4,7.665,7.105272727272728,,,,9.12,75.69090909090909,87.3,71.54137931034482,68.81399294866667,,,,,,,,,,,,,,57.17272727272727,64.14545454545454,11.090909090909092,,,,,,,,,,,,,,,,,,
1987,5,8.29047619047619,7.48775,,,,9.717,76.03636363636363,87.3,71.53793103448275,62.26182624516129,,,,,,,,,,,,,,57.445454545454545,64.19090909090909,10.709090909090907,,,,,,,,,,,,,,,,,,
1987,6,8.537727272727272,8.446181818181818,,,,9.582727272727272,76.35454545454546,87.3,71.65172413793104,68.09819644666666,,,,,,,,,,,,,,57.47272727272728,64.11818181818181,10.545454545454543,,,,,,,,,,,,,,,,,,
1987,7,8.71,8.5485,,,,9.80818181818182,76.61818181818181,87.5,71.68620689655172,70.19822431903226,,,,,,,,,,,,,,57.58181818181818,64.02727272727272,10.272727272727272,,,,,,,,,,,,,,,,,,
1987,8,9.201428571428572,8.741,,,,10.242,76.72727272727273,87.7,71.89655172413794,64.07729768451613,,,,,,,,,,,,,,57.654545454545456,64.21818181818182,10.39090909090909,,,,,,,,,,,,,,,,,,
1987,9,9.424090909090909,8.822380952380954,,,,10.98904761904762,77.05454545454546,88.0,72.07931034482759,69.32875915133333,,,,,,,,,,,,,,57.78181818181818,64.2,10.209090909090907,,,,,,,,,,,,,,,,,,
1987,10,9.237727272727271,8.316666666666666,,,,10.80095238095238,77.37272727272727,88.2,72.8103448275862,67.36788865903226,,,,,,,,,,,,,,57.95454545454545,64.35454545454546,10.136363636363637,,,,,,,,,,,,,,,,,,
1987,11,8.428571428571429,8.263,,,,10.197,77.50909090909092,88.7,73.15862068965517,64.742167476,,,,,,,,,,,,,,58.127272727272725,64.46363636363637,10.036363636363635,,,,,,,,,,,,,,,,,,
1987,12,8.69086956521739,8.454761904761906,,,,10.41190476190476,77.7,88.9,73.29310344827586,68.26602790193549,,,,,,,,,,,,,,58.24545454545455,64.5909090909091,10.018181818181818,,,,,,,,,,,,,,,,,,
1988,1,8.675238095238095,8.558,,,,10.023,77.75454545454545,89.3,73.5551724137931,63.75010122612903,,,,,,,,,,,,,,58.25454545454545,64.73636363636363,10.236363636363636,,,,,,,,,,,,,,,,,,
1988,2,8.572380952380952,8.520000000000001,,,,9.542857142857144,77.98181818181818,88.8,73.61724137931034,69.62614132793104,,,,,,,,,,,,,,58.445454545454545,64.68181818181819,9.836363636363636,,,,,,,,,,,,,,,,,,
1988,3,8.65304347826087,8.445217391304348,,,,9.715652173913044,78.47272727272728,89.8,73.84482758620689,71.98634787935484,,,,,,,,,,,,,,58.50909090909091,64.77272727272727,9.881818181818184,,,,,,,,,,,,,,,,,,
1988,4,8.945714285714287,8.4665,,,,10.1695,78.7090909090909,89.8,73.90689655172415,68.38678001566667,,,,,,,,,,,,,,58.49090909090909,64.60909090909091,9.7,,,,,,,,,,,,,,,,,,
1988,5,9.129090909090907,8.655095238095239,,,,10.304761904761904,79.7090909090909,90.1,73.9793103448276,69.3821104532258,,,,,,,,,,,,,,58.49090909090909,64.68181818181819,9.772727272727272,,,,,,,,,,,,,,,,,,
1988,6,9.441363636363636,8.899136363636364,,,,10.086363636363636,80.0,90.4,74.0206896551724,73.68678500666667,,,,,,,,,,,,,,58.654545454545456,64.68181818181819,9.472727272727273,,,,,,,,,,,,,,,,,,
1988,7,9.499523809523808,8.9985,,,,10.1795,80.24545454545455,90.8,74.1896551724138,69.74763350419354,,,,,,,,,,,,,,58.654545454545456,64.67272727272727,9.481818181818182,,,,,,,,,,,,,,,,,,
1988,8,9.746521739130436,9.290454545454546,,,,10.407727272727271,80.33636363636364,91.1,74.48275862068965,75.79408078419355,,,,,,,,,,,,,,58.54545454545455,64.62727272727273,9.563636363636364,,,,,,,,,,,,,,,,,,
1988,9,10.43681818181818,9.89809523809524,,,,10.151428571428571,80.7090909090909,91.4,74.63103448275862,74.64682953333333,,,,,,,,,,,,,,58.52727272727272,64.60000000000001,9.6,,,,,,,,,,,,,,,,,,
1988,10,10.543333333333331,10.2105,,,,9.9025,81.21818181818182,92.0,75.17586206896551,69.34295421096775,,,,,,,,,,,,,,58.64545454545455,64.72727272727273,9.572727272727272,,,,,,,,,,,,,,,,,,
1988,11,10.791363636363636,10.125714285714286,,,,10.044285714285715,81.41818181818182,92.3,75.21724137931035,73.16552127733333,,,,,,,,,,,,,,58.790909090909096,64.80909090909091,9.418181818181818,,,,,,,,,,,,,,,,,,
1988,12,11.146818181818182,10.241,,,,10.015,81.64545454545454,92.9,75.37586206896552,72.08719570290322,,,,,,,,,,,,,,59.07272727272727,64.85454545454546,9.063636363636364,,,,,,,,,,,,,,,,,,
1989,1,11.367727272727272,10.541666666666666,,10.127142857142855,,9.952857142857145,81.7,93.7,75.74137931034483,73.24303507451613,,,,,,,,,,,,,,59.21818181818182,65.16363636363636,9.272727272727272,,,,,,,,,,,,,,,,,,
1989,2,11.6535,10.89375,,10.2555,,10.044,81.96363636363637,94.6,75.96896551724137,74.18278300357143,,,,,,,,,,,,,,59.11818181818182,65.16363636363636,9.436363636363636,,,,,,,,,,,,,,,,,,
1989,3,12.215652173913044,11.306818181818182,,10.563181818181818,,10.291363636363636,83.24545454545455,95.6,76.42068965517241,77.05291739838711,,,,,,,,,,,,,,59.27272727272727,65.2909090909091,9.354545454545455,,,,,,,,,,,,,,,,,,
1989,4,12.508,12.165625,,10.326,,10.103,83.60000000000001,96.8,76.78275862068965,69.71770592566666,,,,,,,,,,,,,,59.190909090909095,65.45454545454545,9.71818181818182,,,,,,,,,,,,,,,,,,
1989,5,12.474347826086955,12.46875,,9.900454545454544,,9.826363636363636,83.89999999999999,98.0,77.06551724137931,78.46757553967743,,,,,,,,,,,,,,59.28181818181818,65.28181818181818,9.336363636363636,,,,,,,,,,,,,,,,,,
1989,6,12.336818181818185,12.440340909090908,,9.432727272727274,,9.423636363636364,84.00909090909092,99.2,77.3,78.02873100266667,,,,,,,,,,,,,,59.290909090909096,65.21818181818182,9.263636363636364,,,,,,,,,,,,,,,,,,
1989,7,12.317619047619049,12.434375,,9.3245,,9.398,84.27272727272727,100.2,77.53448275862068,71.66268733290323,,,,,,,,,,,,,,59.17272727272727,65.12727272727273,9.318181818181818,,,,,,,,,,,,,,,,,,
1989,8,12.394782608695651,12.315340909090908,,9.350909090909092,,9.295,84.45454545454545,101.2,77.81724137931033,79.79687272741936,,,,,,,,,,,,,,59.23636363636364,65.24545454545455,9.381818181818184,,,,,,,,,,,,,,,,,,
1989,9,12.435714285714283,12.15,,9.5465,,9.4645,84.28181818181818,102.2,78.00689655172413,75.33113880566665,,,,,,,,,,,,,,59.06363636363637,65.07272727272726,9.418181818181818,,,,,,,,,,,,,,,,,,
1989,10,12.45318181818182,12.160714285714286,,9.4905,,9.4,84.85454545454546,103.0,78.76206896551724,76.07764299290322,,,,,,,,,,,,,,58.96363636363637,64.91818181818182,9.363636363636363,,,,,,,,,,,,,,,,,,
1989,11,12.476363636363637,12.148809523809524,,9.488571428571428,,9.346666666666668,85.08181818181819,104.0,78.96896551724137,78.82612823299999,,,,,,,,,,,,,,59.13636363636363,65.28181818181818,9.581818181818182,,,,,,,,,,,,,,,,,,
1989,12,12.456190476190477,12.226973684210526,,9.581052631578949,,9.38,85.39999999999999,104.8,79.19310344827586,72.68194173903227,,,,,,,,,,,,,,59.054545454545455,65.3,9.754545454545454,,,,,,,,,,,,,,,,,,
1990,1,12.34391304347826,12.400568181818182,,9.837727272727273,9.918181818181818,9.65409090909091,85.88181818181819,105.8,79.75172413793103,78.60186003935485,,,,,,,,,,,,,,59.23636363636364,65.58181818181818,9.872727272727271,,,,,,,,,,,,,,,,,,
1990,2,12.9875,12.75,,10.283,10.589,10.0205,86.5,106.5,80.12068965517241,73.89293657357143,,,,,,,,,,,,,,59.26363636363636,65.54545454545455,9.736363636363636,,,,,,,,,,,,,,,,,,
1990,3,13.36,12.852272727272728,,10.805909090909092,11.2,10.632727272727273,86.88181818181819,107.5,80.39310344827587,75.3025513467742,,,,,,,,,,,,,,59.23636363636364,65.07272727272726,9.154545454545454,,,,,,,,,,,,,,,,,,
1990,4,13.653333333333332,12.834375,,11.5185,12.164,11.2515,87.08181818181818,108.6,80.8103448275862,75.43094898233333,,,,,,,,,,,,,,59.24545454545455,65.31818181818181,9.481818181818182,,,,,,,,,,,,,,,,,,
1990,5,13.85086956521739,13.539772727272728,,11.145,11.758181818181818,11.002727272727272,86.94545454545455,109.7,81.04137931034482,78.65370045290322,,,,,,,,,,,,,,59.03636363636363,65.11818181818181,9.554545454545456,,,,,,,,,,,,,,,,,,
1990,6,13.83047619047619,13.410714285714286,,10.74,11.257619047619048,10.576190476190476,86.69090909090909,111.1,81.24137931034483,74.46780039866667,,,,,,,,,,,,,,59.04545454545455,65.17272727272727,9.572727272727272,,,,,,,,,,,,,,,,,,
1990,7,13.652727272727274,13.708333333333334,,10.654285714285717,11.075714285714286,10.522380952380953,86.13636363636364,112.5,81.47586206896553,75.64094785258065,,,,,,,,,,,,,,58.93636363636363,65.23636363636363,9.818181818181818,,,,,,,,,,,,,,,,,,
1990,8,13.196521739130434,13.545454545454543,,10.705,10.706363636363635,10.681363636363637,85.91818181818182,114.0,81.7551724137931,79.05933193290322,,,,,,,,,,,,,,59.18181818181818,65.48181818181818,9.790909090909093,,,,,,,,,,,,,,,,,,
1990,9,12.7355,13.0625,,10.979473684210523,10.792105263157897,10.998947368421051,85.45454545454545,115.1,82.20344827586207,69.74887203833333,,,,,,,,,,,,,,59.0,65.38181818181819,9.909090909090908,,,,,,,,,,,,,,,,,,
1990,10,12.628260869565215,12.465909090909092,,11.182727272727274,11.02818181818182,11.27590909090909,85.05454545454546,116.1,83.08620689655173,76.34232976741936,,,,,,,,,,,,,,58.82727272727273,65.33636363636364,10.1,,,,,,,,,,,,,,,,,,
1990,11,12.409999999999998,12.49404761904762,,10.618571428571428,10.501428571428573,10.733333333333334,84.69090909090909,117.1,83.55172413793103,74.80555398966666,,,,,,,,,,,,,,58.42727272727273,65.24545454545454,10.581818181818182,,,,,,,,,,,,,,,,,,
1990,12,11.985238095238095,11.963815789473683,,10.254736842105263,10.206315789473685,10.31,84.26363636363637,117.9,83.89655172413794,69.86675699064516,,,,,,,,,,,,,,58.22727272727273,65.13636363636364,10.763636363636364,,,,,,,,,,,,,,,,,,
1991,1,11.21608695652174,11.840909090909092,,10.116363636363635,10.002272727272729,10.237272727272726,83.99090909090908,118.5,85.69655172413792,76.82401905419356,,,,,,,,,,,4267236.0,1574779.0,2311829.3076923075,58.09090909090909,65.10909090909091,10.936363636363636,,,,,,,,,,,,,,,,,,
1991,2,10.337,11.234375,,9.551,9.457,9.796,84.35454545454546,119.0,85.82758620689656,73.52359993321429,,,,,,,,,,,4294682.0,1477974.0,2354551.5384615385,57.92727272727273,65.07272727272726,11.163636363636364,,,,,,,,,,,,,,,,,,
1991,3,9.941904761904762,10.003125,,9.621,9.4835,9.9005,84.7090909090909,119.3,85.60344827586206,71.40279067516128,,,,,,,,,,,4345552.0,1416793.0,2371321.769230769,57.627272727272725,64.95454545454545,11.445454545454544,,,,,,,,,,,,,,,,,,
1991,4,9.71,9.639204545454543,,9.520454545454545,9.354090909090909,9.785,85.37272727272727,119.3,85.54137931034482,78.42190167933333,,,,,,,,,,,4298247.0,1444113.0,2352832.153846154,57.68181818181818,64.93636363636364,11.345454545454546,,,,,,,,,,,,,,,,,,
1991,5,9.19391304347826,9.258522727272728,,9.581818181818182,9.360909090909091,9.818181818181818,86.08181818181818,119.5,85.60689655172413,79.87822741290321,,,,,,,,,,,4392167.0,1428825.0,2411705.153846154,57.77272727272727,65.0,11.28181818181818,,,,,,,,,,,,,,,,,,
1991,6,8.9465,8.78125,,9.9265,9.6225,10.103,86.52727272727272,119.3,85.7448275862069,72.91830651466667,,,,,,,,,,,4362801.0,1407247.0,2385835.6153846155,57.7,65.06363636363636,11.481818181818182,,,,,,,,,,,,,,,,,,
1991,7,8.915217391304349,8.673295454545455,,9.977727272727272,9.695454545454544,10.137727272727274,86.78181818181818,119.0,85.82068965517242,80.72212116870968,,,,,,,,,,,4335867.0,1407418.0,2393278.923076923,57.71818181818182,65.06363636363636,11.427272727272728,,,,,,,,,,,,,,,,,,
1991,8,8.850454545454546,8.729166666666666,,9.741428571428573,9.486190476190476,9.94047619047619,87.26363636363637,118.8,86.11724137931034,77.00460579225806,,,,,,,,,,,4403173.0,1403430.0,2373945.3846153845,57.63636363636363,65.00909090909092,11.545454545454543,,,,,,,,,,,,,,,,,,
1991,9,8.71952380952381,8.85,,9.441,9.166,9.692,87.38181818181819,118.7,86.10000000000001,75.87464553766668,,,,,,,,,,,4360315.0,1408066.0,2373432.6923076925,57.3,64.8,11.70909090909091,,,,,,,,,,,,,,,,,,
1991,10,8.326956521739131,8.965909090909092,,9.006818181818183,8.533636363636363,9.372727272727271,87.50909090909092,118.3,86.64137931034483,80.76969473387096,,,,,,,,,,,4400256.0,1410139.0,2370807.769230769,57.35454545454545,64.83636363636364,11.745454545454544,,,,,,,,,,,,,,,,,,
1991,11,7.784761904761904,8.003125,,8.5735,8.1035,9.1475,87.62727272727273,118.1,86.67931034482758,75.35320468,,,,,,,,,,,4426655.0,1380289.0,2409660.076923077,57.17272727272727,64.41818181818182,11.4,,,,,,,,,,,,,,,,,,
1991,12,7.598181818181818,7.503125,,8.4135,7.931,9.031,87.63636363636364,117.6,86.67241379310344,74.56712419451613,,,,,,,,,,,4340047.0,1379762.0,2361480.769230769,57.127272727272725,64.3,11.336363636363636,,,,,,,,,,,,,,,,,,
1992,1,7.28695652173913,6.314759615384616,,8.140454545454546,7.693181818181818,8.806363636363637,87.7090909090909,116.8,86.97241379310344,77.2556966667742,,,,,,,,,,,4378141.0,1416937.0,2381211.6153846155,56.83636363636364,64.2090909090909,11.672727272727274,,,,,,,,,,,,,,,,,,
1992,2,7.431,5.933367346938776,,8.387,8.025,8.985499999999998,87.60000000000001,116.5,86.95862068965518,70.7943101075862,,,,,,,,,,,4369007.0,1394003.0,2386618.769230769,56.74545454545455,64.08181818181818,11.627272727272729,,,,,,,,,,,,,,,,,,
1992,3,7.652727272727273,5.783584905660377,,8.745,8.58090909090909,9.235909090909091,87.86363636363636,115.9,86.96206896551725,73.07202782806452,,,,,,,,,,,4388273.0,1402600.0,2388912.769230769,56.49090909090909,64.2,12.20909090909091,,,,,,,,,,,,,,,,,,
1992,4,7.115454545454545,5.66265,,8.788571428571428,8.446190476190477,9.304285714285712,87.98181818181818,115.8,86.9793103448276,75.73990907866667,,,,,,,,,,,4465602.0,1416065.0,2416700.923076923,56.26363636363636,63.76363636363636,11.963636363636365,,,,,,,,,,,,,,,,,,
1992,5,6.668571428571428,5.08325,,8.545,8.1155,9.099,88.14545454545454,115.7,87.10344827586206,68.79070043096775,,,,,,,,,,,4404295.0,1411974.0,2406461.6153846155,56.39090909090908,64.07272727272728,12.19090909090909,,,,,,,,,,,,,,,,,,
1992,6,6.067727272727273,5.109903846153846,,8.238636363636363,7.582727272727272,8.893181818181818,88.46363636363637,115.5,87.06551724137931,73.91718078633333,,,,,,,,,,,4471639.0,1448834.0,2434459.846153846,56.46363636363637,64.4090909090909,12.536363636363635,,,,,,,,,,,,,,,,,,
1992,7,5.61695652173913,4.944855769230769,,7.7268181818181825,6.838636363636363,8.547727272727274,88.7,114.9,87.28620689655173,74.11569175709677,,,,,,,,,,,4415807.0,1414405.0,2441454.230769231,56.39090909090908,64.32727272727273,12.518181818181818,,,,,,,,,,,,,,,,,,
1992,8,5.217619047619048,4.12795,,7.2935,6.446,8.098,88.65454545454546,114.2,87.3,67.37453565935485,,,,,,,,,,,4429263.0,1404174.0,2437635.5384615385,56.309090909090905,64.3,12.609090909090908,,,,,,,,,,,,,,,,,,
1992,9,5.256363636363637,4.3873500000000005,,7.474285714285715,6.754761904761905,8.140476190476189,88.64545454545454,113.3,87.26896551724138,71.16147859066668,,,,,,,,,,,4474218.0,1409194.0,2458959.923076923,56.38181818181818,64.25454545454545,12.4,,,,,,,,,,,,,,,,,,
1992,10,7.556818181818182,6.480392156862745,,7.6780952380952385,7.0685714285714285,8.30904761904762,88.80909090909091,112.2,87.81724137931033,68.25034279,,,,,,,,,,,4559943.0,1424137.0,2480897.6153846155,56.3,64.07272727272726,12.318181818181818,,,,,,,,,,,,,,,,,,
1992,11,7.266666666666667,6.206785714285714,,7.856,7.259,8.438500000000001,88.88181818181819,111.9,87.96206896551725,67.35798388866667,,,,,,,,,,,4512373.0,1429355.0,2469150.5384615385,56.345454545454544,64.73636363636363,13.136363636363637,,,,,,,,,,,,,,,,,,
1992,12,7.73391304347826,6.4601999999999995,7.660714285714286,7.861428571428571,7.374761904761905,8.41952380952381,89.07272727272726,111.6,88.02758620689656,71.19475104419355,,,,,,,,,,,4542076.0,1436851.0,2476265.846153846,56.21818181818182,64.2090909090909,12.663636363636364,,,,,,,,,,,,,,,,,,
1993,1,7.002857142857143,5.36245,6.715625,7.968999999999999,7.3935,8.4715,89.00909090909092,111.4,88.21379310344827,65.13656071290322,,,,,,,,,,,4625991.0,1431346.0,2524440.6153846155,56.31818181818182,63.88181818181818,12.018181818181818,,,,,,,1098841.0,3327132.0,2602603.769230769,,,,,,,,,
1993,2,6.391,5.0678125,6.025,7.658500000000001,7.053,8.281,88.95454545454545,111.1,88.1896551724138,69.78896086964286,,,,,,,,,,,4580967.0,1441856.0,2498313.846153846,56.209090909090904,63.690909090909095,11.945454545454544,,,,,,,1100209.0,3281211.0,2588726.153846154,,,,,,,,,
1993,3,5.637391304347826,4.38,5.195652173913044,7.443913043478261,6.810434782608695,8.08695652173913,89.5,110.9,88.3103448275862,72.99417338806452,,,,,,,,,,,4581221.0,1440212.0,2509993.846153846,56.33636363636364,64.03636363636363,12.227272727272728,,,,,,,1071986.0,3302854.0,2508552.769230769,,,,,,,,,
1993,4,5.426363636363636,3.8743,4.589285714285714,7.468571428571429,6.876190476190477,8.095238095238095,90.36363636363636,110.4,88.50344827586207,70.33978844066668,,,,,,,,,,,4593000.0,1425657.0,2550373.3076923075,56.17272727272727,63.88181818181818,12.272727272727272,,,,,,,1081482.0,3289983.0,2558606.153846154,,,,,,,,,
1993,5,5.295238095238095,3.6651,4.596875,7.566,6.9415,8.190000000000001,90.76363636363637,109.8,88.53448275862068,64.42752752129032,,,,,,,,,,,4590966.0,1420683.0,2534160.846153846,56.190909090909095,64.10000000000001,12.509090909090908,,,,,,,1097581.0,3308437.0,2585871.3076923075,,,,,,,,,
1993,6,4.992272727272727,3.7788461538461537,4.426136363636363,7.455454545454546,6.800909090909091,8.088636363636363,90.44545454545454,109.3,88.57931034482759,69.50285119166666,,,,,,,,,,,4581157.0,1425754.0,2515678.0,56.290909090909096,64.32727272727273,12.663636363636364,,,,,,,1132382.0,3449285.0,2601171.4615384615,,,,,,,,,
1993,7,4.600454545454546,3.4659803921568626,4.166666666666667,7.203809523809523,6.462380952380952,7.885238095238096,90.46363636363635,108.7,88.47241379310344,67.73090954096774,,,,,,,,,,,4639374.0,1421994.0,2571217.6153846155,56.22727272727273,64.17272727272727,12.572727272727274,,,,,,,1170530.0,3503357.0,2765365.3846153845,,,,,,,,,
1993,8,4.538636363636364,3.478186274509804,4.21875,6.954285714285714,6.3219047619047615,7.576190476190476,90.6181818181818,108.0,88.55862068965517,66.14244114096773,,,,,,,,,,,4638440.0,1448640.0,2569755.769230769,56.17272727272727,64.03636363636363,12.463636363636365,,,,,,,1178951.0,3526781.0,2715984.5384615385,,,,,,,,,
1993,9,4.984545454545454,3.655299999999999,4.288690476190476,6.881428571428571,6.291428571428572,7.470000000000001,90.72727272727272,107.5,88.40344827586206,67.17306105,,,,,,,,,,,4666646.0,1455889.0,2577744.3846153845,56.18181818181818,64.15454545454546,12.609090909090908,,,,,,,1124722.0,3552079.0,2733726.3846153845,,,,,,,,,
1993,10,4.822380952380952,3.6547,4.50625,6.797499999999999,6.0535,7.4175,90.64545454545454,107.2,88.90689655172415,62.13938201870968,,,,,,,,,,,4649410.0,1450540.0,2587597.230769231,56.1,64.04545454545455,12.6,,,,,,,1184887.0,3667044.0,2822195.5384615385,,,,,,,,,
1993,11,4.4372727272727275,3.5028500000000005,4.15202380952381,6.849047619047618,5.9695238095238095,7.494285714285714,90.6,106.5,88.91379310344827,68.28063057766667,,,,,,,,,,,4691361.0,1451120.0,2608954.153846154,56.3,64.17272727272727,12.454545454545457,,,,,,,1209688.0,3773599.0,2832514.0,,,,,,,,,
1993,12,4.190869565217391,3.52265,4.125,6.693333333333333,5.837142857142857,7.403809523809524,90.9181818181818,105.6,89.0206896551724,68.54415311,,,,,,,,,,,4656957.0,1388665.0,2618682.4615384615,56.06363636363637,64.00909090909092,12.636363636363637,,,,,,,1281199.0,3925812.0,2891596.230769231,,,,,,,,,
1994,1,3.967142857142857,3.18225,3.95,6.464,5.545,7.177,90.86363636363636,104.7,89.05862068965517,63.50025768483871,,,,,,,,,,,4694222.0,1439337.0,2627102.076923077,56.13636363636363,64.04545454545455,12.545454545454543,,,,,,,1249276.0,3814666.0,2876512.230769231,,,,,,,,,
1994,2,4.007499999999999,3.0408333333333335,3.6375,6.7065,5.8495,7.343999999999999,91.02727272727272,103.7,88.99310344827587,65.28120545714286,,,,,,,,,,,4737110.0,1440784.0,2675869.230769231,56.22727272727273,63.92727272727273,12.19090909090909,,,,,,,1239551.0,3771832.0,2858958.3846153845,,,,,,,,,
1994,3,4.531304347826087,3.3658333333333332,3.9157608695652177,7.4656521739130435,6.84608695652174,7.90304347826087,91.03636363636365,102.9,88.89655172413794,66.38672952548387,,,,,,,,,,,4898489.0,1434916.0,2752446.5384615385,56.309090909090905,63.709090909090904,11.8,,,,,,,1438534.0,3921251.0,2958631.230769231,,,,,,,,,
1994,4,6.0528571428571425,4.5508163265306125,5.578125,8.08,7.629,8.399,91.04545454545456,102.3,88.42068965517241,61.717440700333334,,,,,,,,,,,4662244.0,1402561.0,2693490.4615384615,56.33636363636364,63.93636363636363,12.072727272727274,,,,,,,1395261.0,3914877.0,2978894.153846154,,,,,,,,,
1994,5,6.402727272727272,4.749901960784314,5.741071428571429,8.44047619047619,8.043809523809523,8.621428571428572,91.16363636363636,102.3,88.55862068965517,62.33422819064516,,,,,,,,,,,4810407.0,1420591.0,2734627.5384615385,56.49090909090909,64.06363636363636,12.018181818181818,,,,,,,1441325.0,3996782.0,2999395.076923077,,,,,,,,,
1994,6,6.635,4.836346153846154,5.673295454545454,8.998636363636363,8.683181818181819,9.144545454545456,91.37272727272727,102.3,88.67931034482758,63.980997423999995,,,,,,,,,,,4817081.0,1433317.0,2751087.5384615385,56.618181818181824,63.85454545454545,11.527272727272727,,,,,,,1413111.0,3963063.0,3029036.3076923075,,,,,,,,,
1994,7,6.383333333333334,4.4906,5.58125,9.1455,8.793000000000001,9.28,91.32727272727271,102.5,88.67931034482758,58.44877854129032,,,,,,,,,,,4851173.0,1452023.0,2736276.846153846,56.53636363636363,63.77272727272727,11.536363636363635,,,,,,,1442345.0,4045281.0,3041618.6923076925,,,,,,,,,
1994,8,5.760434782608696,4.466057692307692,5.292613636363637,8.896363636363636,8.487727272727271,9.017727272727273,91.25454545454544,103.3,88.82413793103449,64.35915944387096,,,,,,,,,,,4786072.0,1442103.0,2751073.230769231,56.59090909090909,63.872727272727275,11.572727272727272,,,,,,,1467357.0,4081128.0,3079849.230769231,,,,,,,,,
1994,9,5.695909090909091,4.29795,5.086309523809524,8.902857142857144,8.457619047619048,9.05,91.47272727272728,103.7,89.08275862068966,64.43838754866667,,,,,,,,,,,4807362.0,1434040.0,2761945.6153846155,56.845454545454544,64.15454545454546,11.581818181818182,,,,,,,1448331.0,4111424.0,3097634.846153846,,,,,,,,,
1994,10,5.618571428571428,3.9806,4.94375,9.062,8.5235,9.2705,91.4909090909091,104.1,89.33448275862068,59.43028312677419,,,,,,,,,,,4802344.0,1443625.0,2799031.153846154,56.76363636363636,64.0,11.481818181818182,,,,,,,1476793.0,4161240.0,3115439.076923077,,,,,,,,,
1994,11,5.84909090909091,4.3,5.101190476190476,9.151428571428571,8.678571428571429,9.32047619047619,91.4909090909091,104.5,89.45172413793104,63.827174529,,,,,,,,,,,4827690.0,1464275.0,2809950.0,57.10909090909092,64.04545454545455,11.081818181818182,,,,,,,1527499.0,4188063.0,3153573.923076923,,,,,,,,,
1994,12,6.790909090909091,4.507908163265306,5.528125,9.065,8.8875,9.152,91.5,104.8,89.62758620689655,61.31526654903226,,,,,,,,,,,4899063.0,1443613.0,2828898.5384615385,57.127272727272725,63.86363636363637,10.736363636363636,,,,,,,1486653.0,4216105.0,3196562.6923076925,,,,,,,,,
1995,1,7.76,6.598214285714286,6.535714285714286,9.34952380952381,9.206190476190477,9.416190476190476,91.39090909090908,105.5,89.71724137931035,60.44700145290322,,,,,,,,,,,4836607.0,1422374.0,2821163.846153846,57.10909090909092,63.83636363636364,10.71818181818182,,,,,,,1393390.0,4164254.0,3267408.3076923075,,,,,,,,,
1995,2,8.139500000000002,7.85,7.853125,8.9015,8.679,8.998000000000001,91.43636363636364,106.2,89.71379310344827,61.09614697035715,,,,,,,,,,,4882527.0,1450551.0,2809149.230769231,57.11818181818182,63.75454545454545,10.60909090909091,,,,,,,1469785.0,4266123.0,3229617.0,,,,,,,,,
1995,3,8.389565217391304,8.125,8.107339130434783,8.642173913043479,8.27913043478261,8.814782608695653,91.36363636363636,106.7,89.88275862068966,62.15212030451613,,,,,,,,,,,4869195.0,1431355.0,2803955.0,57.33636363636364,64.07272727272728,10.745454545454546,,,,,,,1504734.0,4312252.0,3239970.153846154,,,,,,,,,
1995,4,8.3125,8.06421052631579,8.04975,8.416842105263157,8.04,8.633157894736842,91.41818181818182,107.2,89.75862068965517,56.243988555,,,,,,,,,,,4931047.0,1460560.0,2802716.923076923,56.97272727272728,63.57272727272727,10.572727272727272,,,,,,,1694516.0,4519453.0,3234724.3076923075,,,,,,,,,
1995,5,7.710869565217391,7.743636363636364,7.744772727272727,8.060454545454546,7.592727272727273,8.374090909090908,91.3181818181818,107.5,90.03448275862068,63.52002914451613,,,,,,,,,,,4921616.0,1487859.0,2820469.4615384615,56.88181818181818,63.60909090909092,10.80909090909091,,,,,,,1500663.0,4368101.0,3215548.153846154,,,,,,,,,
1995,6,7.209090909090909,7.353181818181819,7.385,7.858181818181818,7.383636363636364,8.231818181818182,91.24545454545456,107.7,90.2,61.933288552,,,,,,,,,,,4925633.0,1494071.0,2846689.3846153845,57.0,63.709090909090904,10.736363636363636,,,,,,,1529117.0,4423107.0,3231719.076923077,,,,,,,,,
1995,7,6.827142857142857,6.765000000000001,6.7615,8.076,7.592999999999999,8.4855,91.01818181818182,107.5,90.26206896551724,57.94615923580645,,,,,,,,,,,4906979.0,1525335.0,2831885.230769231,56.90909090909091,63.709090909090904,10.89090909090909,,,,,,,1524462.0,4419111.0,3256230.6923076925,,,,,,,,,
1995,8,6.811739130434782,6.460909090909092,6.443478260869565,8.264090909090909,7.834545454545455,8.657727272727273,90.93636363636364,107.4,90.24137931034484,64.90992111580645,,,,,,,,,,,4921821.0,1507965.0,2880120.230769231,57.02727272727272,63.81818181818182,10.818181818181818,,,,,,,1515580.0,4480084.0,3254497.846153846,,,,,,,,,
1995,9,6.743809523809524,6.2219999999999995,6.197000000000001,7.9285,7.558,8.330499999999999,90.8818181818182,107.4,90.2655172413793,62.076562148,,,,,,,,,,,4910383.0,1507679.0,2865959.230769231,57.154545454545456,63.64545454545455,10.4,,,,,,,1564090.0,4435612.0,3254362.769230769,,,,,,,,,
1995,10,6.824545454545454,6.244761904761904,6.19,7.72095238095238,7.346190476190476,8.146666666666667,90.8181818181818,107.5,90.33793103448276,62.9884065983871,,,,,,,,,,,4855895.0,1500483.0,2832721.769230769,57.18181818181818,63.58181818181818,10.263636363636364,,,,,,,1503316.0,4430699.0,3225044.230769231,,,,,,,,,
1995,11,6.1468181818181815,6.001428571428572,5.945454545454546,7.473809523809523,7.005238095238096,7.94095238095238,90.56363636363636,107.5,90.40689655172416,64.937947929,,,,,,,,,,,4871517.0,1518464.0,2847123.769230769,56.91818181818182,63.21818181818182,10.145454545454545,,,,,,,1580350.0,4475729.0,3286349.769230769,,,,,,,,,
1995,12,6.0652380952380955,5.95578947368421,5.96,7.2494736842105265,6.833684210526316,7.713157894736843,90.33636363636364,107.5,90.4103448275862,59.48069390741936,,,,,,,,,,,4891775.0,1565639.0,2850024.846153846,57.03636363636363,63.47272727272728,10.3,,,,,,,1637620.0,4480307.0,3265752.3846153845,,,,,,,,,
1996,1,5.716956521739131,5.674090909090909,5.659545454545455,7.091818181818183,6.5,7.649545454545454,90.21818181818182,107.2,90.58275862068966,65.41449314193548,,,,,,,,,,,4735600.0,1641765.0,2850988.5384615385,57.02727272727272,63.59090909090909,10.536363636363635,,,,,,,1694419.0,4662194.0,3345310.4615384615,,,,,,,,,
1996,2,5.372857142857143,5.269047619047619,5.261428571428572,7.240476190476191,6.536666666666667,7.850952380952381,90.14545454545454,106.9,90.5103448275862,63.44994099241379,,,,,,,,,,,4826979.0,1610284.0,2870408.076923077,57.09090909090909,63.7,10.581818181818182,,,,,,,1793015.0,4800820.0,3377059.769230769,,,,,,,,,
1996,3,5.416666666666667,5.126666666666667,5.130476190476191,7.621904761904762,6.977142857142858,8.130952380952381,89.95454545454545,106.5,90.5448275862069,59.85971070258065,,,,,,,,,,,4816941.0,1662980.0,2888315.153846154,56.97272727272728,63.54545454545455,10.518181818181818,,,,,,,1971534.0,5218214.0,3468668.6923076925,,,,,,,,,
1996,4,5.1477272727272725,4.905714285714286,4.911904761904762,7.699523809523809,7.067619047619047,8.201904761904762,89.89999999999999,106.2,90.55172413793105,65.20673354333333,,,,,,,,,,,4821219.0,1684226.0,2882926.6153846155,57.08181818181818,63.52727272727272,10.363636363636363,,,,,,,1869829.0,5040807.0,3470897.230769231,,,,,,,,,
1996,5,5.0,4.785,4.75,7.768181818181819,7.060454545454546,8.18681818181818,89.63636363636364,105.9,90.62413793103448,65.53674590548387,,,,,,,,,,,4801128.0,1735164.0,2885847.5384615385,57.127272727272725,63.42727272727273,10.154545454545454,,,,,,,1922411.0,5045032.0,3476049.846153846,,,,,,,,,
1996,6,5.0,4.7775,4.75,7.8095,7.095999999999999,8.1845,89.46363636363637,105.7,90.57241379310344,59.104828405333336,,,,,,,,,,,4771051.0,1723119.0,2919662.3076923075,56.88181818181818,63.627272727272725,10.863636363636363,,,,,,,1891130.0,5048035.0,3549606.3076923075,,,,,,,,,
1996,7,4.9021739130434785,4.679545454545455,4.6477272727272725,7.711818181818182,7.013181818181818,8.120909090909091,89.65454545454546,105.3,90.66206896551724,65.51771341129033,,,,,,,,,,,4860529.0,1660690.0,2909855.6923076925,56.92727272727273,63.627272727272725,10.763636363636364,,,,,,,1876990.0,4959346.0,3518889.5384615385,,,,,,,,,
1996,8,4.488636363636363,4.273809523809524,4.233181818181818,7.305714285714285,6.550000000000001,7.806666666666667,89.5909090909091,104.8,90.53793103448275,62.40959336903226,,,,,,,,,,,4937410.0,1658110.0,2934027.3846153845,56.86363636363637,63.41818181818182,10.472727272727273,,,,,,,1979357.0,5180946.0,3588412.769230769,,,,,,,,,
1996,9,4.25,4.053,4.0,7.338500000000001,6.5295000000000005,7.8545,89.73636363636363,104.3,90.68275862068968,61.81100341166667,,,,,,,,,,,4846878.0,1639941.0,2926152.3846153845,56.6,63.35454545454545,10.927272727272728,,,,,,,2009400.0,5267586.0,3643613.153846154,,,,,,,,,
1996,10,3.8369565217391304,3.62,3.590909090909091,6.6445454545454545,5.742272727272727,7.322727272727272,89.81818181818181,103.9,91.05172413793105,66.57972774516128,,,,,,,,,,,4981408.0,1674716.0,2998165.076923077,56.64545454545455,63.45454545454545,11.018181818181818,,,,,,,2006667.0,5260343.0,3606090.230769231,,,,,,,,,
1996,11,3.3095238095238093,3.1055,3.0625,6.135,5.221500000000001,6.801,89.79090909090908,103.3,91.08275862068966,63.317050509666664,,,,,,,,,,,4979952.0,1689478.0,3049242.153846154,56.6,63.36363636363637,10.927272727272728,,,,,,,1937726.0,5301616.0,3671705.230769231,,,,,,,,,
1996,12,3.25,3.0420000000000003,3.0,6.392,5.4719999999999995,7.081999999999999,89.7909090909091,102.6,91.10344827586206,63.23059683870968,,,,,,,,,,,4947385.0,1724552.0,3028962.076923077,56.627272727272725,63.40909090909091,10.963636363636365,,,,,,,2009538.0,5434742.0,3687036.307692307,,,,,,,,,
1997,1,3.25,3.0154545454545456,3.0,6.632727272727272,5.680909090909091,7.344090909090909,89.81818181818181,101.7,91.34827586206896,67.01647872774193,,1200427.0,382536.0,812882.0,3097.4,109.1,3434.6,,,,5082439.0,1733850.0,3054979.153846154,56.88181818181818,63.57272727272727,10.754545454545454,,,,,,,2142055.0,5555409.0,3763058.615384615,,,,,,,,,
1997,2,3.25,3.01,3.0,6.3035,5.3445,7.025499999999999,89.86363636363636,101.4,91.30344827586208,64.70819409178571,,1207984.0,386011.0,816922.0,2941.7,19.5,3127.1,,,,5079409.0,1724739.0,3098690.6153846155,56.872727272727275,63.57272727272727,10.772727272727272,,,,,,,2231754.0,5789927.0,3872723.307692307,,,,,,,,,
1997,3,3.25,3.002,3.0,6.539499999999999,5.6765,7.2095,89.98181818181818,100.9,91.3310344827586,60.73360050548387,,1207836.0,384262.0,818597.0,2710.0,124.2,2613.7,,,,5038159.0,1699725.0,3085684.3846153845,56.93636363636363,63.59090909090909,10.7,,,,,,,2163309.0,5707072.0,3859808.153846154,,,,,,,,,
1997,4,3.25,3.0209090909090905,3.0,6.784545454545454,6.066818181818181,7.342727272727273,90.16363636363636,100.3,91.39310344827588,64.80693314966666,,1216027.0,389347.0,821601.0,2170.2,71.4,2557.6,,,,5029420.0,1694920.0,3110052.3076923075,56.790909090909096,63.4,10.681818181818182,,,,,,,2090197.0,5655617.0,3920824.307692307,,,,,,,,,
1997,5,3.25,3.0114285714285716,3.0,6.573333333333333,5.772380952380952,7.081428571428572,91.3181818181818,99.8,91.24137931034484,63.140415857741935,,1220355.0,390601.0,824649.0,2147.2,2.9,2857.0,,,,5080604.0,1653485.0,3136454.3076923075,56.97272727272728,63.67272727272727,10.818181818181818,,,,,,,2071989.0,5780606.0,3929980.230769231,,,,,,,,,
1997,6,3.2857142857142856,3.0485714285714285,3.0357142857142856,6.2714285714285705,5.473333333333334,6.817619047619047,91.30909090909093,99.2,91.36206896551724,62.044551803,,1222650.0,388942.0,828647.0,1756.7,-5.0,2046.5,,,,5109800.0,1686371.0,3148751.230769231,57.17272727272727,63.74545454545455,10.563636363636364,,,,,,,2188075.0,5920026.0,4009705.692307693,,,,,,,,,
1997,7,3.5,3.2454545454545456,3.25,5.963181818181818,5.293181818181818,6.524090909090909,91.41818181818182,98.5,91.37241379310343,66.27474205032257,,1235807.0,396647.0,833962.0,2006.3,13.7,2394.9,,,,5126257.0,1662863.0,3181727.6923076925,57.38181818181818,63.74545454545455,10.227272727272728,,,,,,,2129725.0,6001498.0,4043111.076923077,,,,,,,,,
1997,8,3.5,3.29,3.25,5.9945,5.3149999999999995,6.545999999999999,91.42727272727274,97.9,91.26206896551724,60.22193256580645,,1237361.0,396394.0,835719.0,1524.9,31.7,2031.8,,,,5171268.0,1687348.0,3170053.6923076925,57.68181818181818,63.97272727272728,10.081818181818182,,,,,,,2180673.0,6118543.0,4083565.692307693,,,,,,,,,
1997,9,3.5,3.273333333333333,3.25,5.876190476190477,5.310952380952381,6.448571428571428,91.52727272727272,97.4,91.07241379310344,65.243431909,,1239488.0,396302.0,837926.0,1752.4,35.0,2371.3,,,,5181990.0,1712393.0,3176394.4615384615,57.7,63.9,9.972727272727273,,,,,,,2278571.0,6282506.0,4117428.153846154,,,,,,,,,
1997,10,3.75,3.5399999999999996,3.5,5.609090909090909,5.076363636363637,6.172272727272727,91.37272727272727,96.9,91.18275862068968,65.93393907548388,,1244300.0,400019.0,838885.0,1109.5,-16.7,2009.2,,,,5194071.0,1720074.0,3236464.6923076925,57.7,63.89090909090908,9.909090909090908,,,,,,,2258762.0,6218585.0,4232706.307692308,,,,,,,,,
1997,11,3.8,3.5873684210526315,3.5526315789473686,5.503157894736842,5.052105263157895,5.976315789473684,91.19090909090907,96.3,91.19655172413792,58.198970554,,1245279.0,400702.0,839089.0,1885.5,-6.9,2460.6,,,,5151742.0,1720435.0,3226701.6153846155,57.7,63.97272727272728,10.018181818181818,,,,,,,2283046.0,6236656.0,4202516.461538462,,,,,,,,,
1997,12,4.304347826086956,4.0528571428571425,4.035714285714286,5.6657142857142855,5.376190476190477,6.006666666666667,91.19090909090907,95.8,91.23103448275862,64.37825625129032,,1256596.0,401001.0,850104.0,2089.5,57.4,2827.2,,,,5178282.0,1684157.0,3346038.4615384615,57.76363636363636,63.77272727272727,9.663636363636364,,,,,,,2472536.0,6465771.0,4196550.153846154,,,,,,,,,
1998,1,4.5227272727272725,4.30095238095238,4.273809523809524,5.36047619047619,5.091904761904762,5.746666666666667,91.33636363636364,95.4,91.29310344827586,61.201274376129035,,1251276.0,400733.0,845053.0,1391.7,40.4,2019.7,,,,5250629.0,1666995.0,3196340.6923076925,57.75454545454545,63.91818181818182,9.881818181818184,,,,,,,2235662.0,6107755.0,4036859.384615385,,,,,,,,,
1998,2,5.0,4.7455,4.75,5.433999999999999,5.2325,5.76,91.2090909090909,95.5,91.0103448275862,61.829636015357146,,1263285.0,404276.0,853462.0,1786.3,73.7,2407.7,,,,5222640.0,1655826.0,3254427.5384615385,57.73636363636364,63.872727272727275,9.827272727272726,,,,,,,2211318.0,6059668.0,4152436.4615384615,,,,,,,,,
1998,3,5.0,4.734545454545454,4.75,5.427272727272728,5.193181818181818,5.781363636363636,91.43636363636364,95.6,91.0793103448276,62.31409945774194,,1267784.0,405936.0,856292.0,1818.3,1.4,2553.8,,,,5258501.0,1641834.0,3237111.5384615385,57.88181818181818,63.75454545454545,9.409090909090908,,,,,,,2154598.0,5987538.0,4130197.846153846,,,,,,,,,
1998,4,5.0,4.747142857142857,4.75,5.312380952380953,5.1242857142857146,5.64,91.43636363636364,95.7,91.27586206896552,63.79165772966667,,1268479.0,405653.0,857302.0,2021.5,57.8,2843.5,,,,5302157.0,1646865.0,3308402.923076923,57.89090909090908,63.91818181818182,9.69090909090909,,,,,,,2192643.0,6081144.0,4200142.461538462,,,,,,,,,
1998,5,5.0,4.764,4.75,5.387,5.2405,5.6555,91.48181818181818,95.6,91.1896551724138,58.296070739354846,,1266172.0,402247.0,858497.0,1571.7,17.3,2657.5,,,,5303922.0,1640800.0,3308347.923076923,58.00909090909091,63.92727272727273,9.490909090909092,,,,,,,2228237.0,6104304.0,4226879.538461538,,,,,,,,,
1998,6,5.0,4.762272727272728,4.75,5.318636363636363,5.232272727272727,5.528181818181818,91.4090909090909,95.6,91.2,62.497359908,,1265876.0,400242.0,860262.0,1447.9,34.1,2584.9,,,,5321133.0,1620322.0,3268817.076923077,57.99090909090909,64.05454545454546,9.709090909090907,,,,,,,2319633.0,6183933.0,4096673.692307693,,,,,,,,,
1998,7,5.0,4.7749999999999995,4.75,5.347727272727273,5.293181818181818,5.508181818181819,91.32727272727271,95.6,91.21379310344828,62.34688178548387,,1265509.0,395644.0,864506.0,2093.1,-59.4,3221.7,,,,5337820.0,1634715.0,3290095.230769231,58.25454545454545,64.10909090909091,9.354545454545455,,,,,,,2413631.0,6171295.0,4050807.923076923,,,,,,,,,
1998,8,5.142857142857143,4.896,4.892857142857143,5.5649999999999995,5.5225,5.694,91.2909090909091,95.7,91.32413793103449,55.327833819677416,,1277712.0,404229.0,868109.0,2362.2,-101.1,3514.7,,,,5280307.0,1630778.0,3282458.4615384615,58.24545454545455,64.3,9.636363636363637,,,,,,,2399923.0,6067790.0,4073931.153846154,,,,,,,,,
1998,9,5.9772727272727275,5.725238095238096,5.726190476190476,5.246666666666666,5.178571428571429,5.470000000000001,91.32727272727271,95.6,90.77586206896552,59.995568547,,1281876.0,405086.0,871430.0,2317.6,4.2,3527.6,,,,5335475.0,1618637.0,3332407.0,58.22727272727273,64.38181818181819,9.754545454545454,,,,,,,2404497.0,6097211.0,4097079.4615384615,,,,,,,,,
1998,10,5.625,5.401428571428572,5.369047619047619,4.908095238095238,4.649047619047619,5.3480952380952385,91.48181818181818,95.8,91.65517241379312,56.632900928709674,,1287736.0,406858.0,875489.0,2138.4,10.4,3281.1,,,,5337973.0,1617637.0,3317762.6923076925,58.36363636363637,64.39090909090909,9.563636363636364,,,,,,,2557334.0,6310999.0,4205394.076923077,,,,,,,,,
1998,11,5.392857142857143,5.1445,5.1375,5.169,4.970000000000001,5.5089999999999995,91.63636363636364,95.7,91.64827586206896,56.186735461666665,,1291195.0,408640.0,877142.0,2173.7,1.1,3379.4,,,,5375042.0,1620851.0,3340624.769230769,58.51818181818182,64.51818181818182,9.463636363636365,,,,,,,2532540.0,6251792.0,4166160.230769231,,,,,,,,,
1998,12,5.25,5.040952380952381,5.0,4.8723809523809525,4.718571428571429,5.226666666666667,91.65454545454546,95.7,91.82413793103449,59.27296879516129,,1303212.0,414674.0,883050.0,2376.2,-61.6,3372.8,,,,5288775.0,1611581.0,3323878.3846153845,58.40909090909091,64.48181818181818,9.627272727272729,,,,,,,2547555.0,6276743.0,4192488.0,,,,,,,,,
1999,1,5.25,5.0195,5.0,4.9465,4.817,5.288,91.60909090909092,95.5,91.83793103448276,54.957666309032255,,1307658.0,417668.0,884473.0,3140.0,-38.9,4095.6,,,,5410398.0,1619917.0,3153434.785714286,58.554545454545455,64.61818181818181,9.509090909090908,,,,843320.0,11959582.0,13801960.0,2492315.0,6628167.0,3978017.285714286,,,,,,,,,
1999,2,5.25,4.9945,5.0,5.1240000000000006,5.0465,5.368,91.73636363636363,95.5,91.83793103448276,59.0980141125,,1313944.0,418154.0,890404.0,2787.0,59.1,4082.6,,,,5377147.0,1596367.0,3183751.3571428573,58.58181818181818,64.51818181818182,9.372727272727271,,,,969127.3333333334,12208696.0,14273888.666666666,2574779.0,6550073.0,4040992.3571428577,,,,,,,,,
1999,3,5.239130434782608,5.010869565217392,4.989130434782608,5.220434782608695,5.160434782608696,5.452173913043478,91.80909090909093,95.5,91.82068965517242,60.76053341806452,,1314242.0,416465.0,892523.0,2976.9,-44.8,4412.4,,,,5449016.0,1634892.0,3200382.9285714286,58.445454545454545,64.46363636363637,9.5,,,,1094866.6666666667,13688378.0,16020777.333333334,2495277.0,6339152.0,4008514.9285714286,,,,,,,,,
1999,4,5.0,4.801428571428572,4.75,5.02952380952381,4.873333333333333,5.3566666666666665,91.91818181818182,95.6,92.15517241379312,61.306263745,,1323164.0,420079.0,897820.0,3094.1,-95.6,4524.1,,,,5409736.0,1713091.0,3198461.3571428573,58.59090909090909,64.63636363636364,9.572727272727272,,,,1090414.0,13716956.0,15981437.333333334,2628356.0,6514581.0,4056933.8571428577,,,,,,,,,
1999,5,4.761904761904762,4.6135,4.5125,5.3595,5.194,5.579,91.98181818181818,95.5,92.07241379310344,57.72525424387096,,1325374.0,420844.0,899233.0,2882.6,-48.2,4183.6,,,,5471703.0,1750562.0,3185783.5714285714,58.74545454545455,64.76363636363637,9.427272727272728,,,,1091873.3333333333,13226012.0,15600683.333333334,2655170.0,6485221.0,4095028.0,,,,,,,,,
1999,6,4.75,4.596818181818182,4.5,5.580909090909091,5.495,5.700909090909091,92.0909090909091,95.4,92.14482758620689,62.32896239433333,,1334509.0,426032.0,903013.0,3464.8,-59.8,4898.8,,,,5442651.0,1748062.0,3207212.4285714286,58.872727272727275,64.55454545454546,8.954545454545455,,,,1081984.6666666667,13394806.666666666,15624046.0,2626893.0,6468613.0,4093151.0,,,,,,,,,
1999,7,4.75,4.602857142857142,4.5,5.490952380952381,5.406190476190476,5.616666666666667,92.27272727272728,95.5,92.22068965517242,59.52278551806452,,1341912.0,430181.0,906120.0,3818.9,-47.5,5317.1,,,,5464040.0,1799681.0,3230594.785714286,59.01818181818182,64.63636363636364,8.836363636363636,,,,1069864.0,12524524.0,14757395.333333334,2670254.0,6569877.0,4131333.1428571423,,,,,,,,,
1999,8,4.75,4.63,4.5,5.755714285714286,5.698095238095238,5.857619047619048,92.49090909090908,95.6,92.5793103448276,58.99772762741936,,1348795.0,433512.0,909499.0,4626.6,-59.6,6149.0,,,,5422725.0,1891954.0,3258026.1428571427,59.01818181818182,64.60909090909091,8.79090909090909,,,,1074423.3333333333,12803534.0,15102145.333333334,2746144.0,6624478.0,4207107.357142857,,,,,,,,,
1999,9,4.75,4.601428571428571,4.5,5.7214285714285715,5.63047619047619,5.855714285714286,92.9090909090909,95.9,93.06896551724138,61.449036506,,1357768.0,437723.0,914079.0,3587.0,-70.8,5053.2,,,,5501507.0,1896898.0,3259595.0,58.98181818181818,64.68181818181819,8.972727272727273,,,,1138733.3333333333,14083103.333333334,16668578.0,2427749.0,6420683.0,4224086.0,,,,,,,,,
1999,10,4.75,4.5920000000000005,4.5,6.089499999999999,6.0185,6.21,93.1181818181818,96.0,93.47241379310344,56.6625679383871,,1361723.0,436859.0,918878.0,3338.6,-7.4,5208.8,,,,5480232.0,1913048.0,3281080.714285714,59.10909090909092,64.60909090909091,8.663636363636364,,,,1227422.0,14721242.666666666,17226916.666666668,2685664.0,6753883.0,4286206.071428572,,,,,,,,,
1999,11,4.863636363636363,4.6761904761904765,4.619047619047619,6.034761904761905,5.982857142857143,6.128571428571428,93.2909090909091,96.4,93.64827586206896,61.90006460233334,,1373037.0,441814.0,925027.0,4206.7,51.5,5793.0,,,,5557012.0,1943510.0,3290932.5,59.3,64.63636363636364,8.39090909090909,,,,1146963.3333333333,14409655.333333334,16917301.333333332,2608725.0,6693156.0,4365948.5,,,,,,,,,
1999,12,5.0,4.763809523809523,4.75,6.14,6.105238095238096,6.182380952380953,93.35454545454546,96.8,93.99655172413792,62.478248527096774,,1382070.0,448048.0,927620.0,3592.6,113.4,5487.7,,,,5622667.0,2027242.0,3341025.1428571427,59.42727272727273,64.65454545454546,8.200000000000001,,,,1132770.6666666667,13429344.0,15905295.333333334,2534869.0,6569111.0,4342204.0,,,,,,,,,
2000,1,5.0,4.7665,4.75,6.4915,6.432,6.408499999999999,93.47272727272728,97.2,94.39310344827588,58.056518473870966,,1389075.0,449685.0,932907.0,4768.0,78.5,6499.4,,,,5440836.0,2048329.0,3347778.5,59.59090909090909,64.81818181818181,8.263636363636364,,,,1033928.0,13263673.333333334,15504501.333333334,2488660.0,6611073.0,4335602.285714285,,,,,,,,,
2000,2,5.226190476190476,4.9661904761904765,4.976190476190476,6.338571428571429,6.38904761904762,6.020952380952381,93.48181818181818,97.7,95.02413793103447,62.27707077793103,,1389135.0,447470.0,935575.0,4232.7,21.6,5766.4,,,,5573036.0,2133008.0,3339760.9285714286,59.52727272727272,64.76363636363637,8.281818181818181,,,,1145286.0,14076737.333333334,16456090.0,2492050.0,6559018.0,4313687.214285715,,,,,,,,,
2000,3,5.336956521739131,5.0804347826086955,5.086956521739131,6.028260869565218,6.1213043478260865,5.784782608695653,93.7909090909091,98.2,95.27586206896552,63.40231272032258,,1400565.0,451256.0,943250.0,4984.3,55.8,6781.7,,,,5606919.0,2146974.0,3401949.5,59.61818181818182,64.91818181818182,8.39090909090909,,,,1279206.6666666667,15899219.333333334,18541808.0,2561411.0,6727783.0,4381438.214285715,,,,,,,,,
2000,4,5.5,5.255263157894737,5.25,5.92421052631579,5.99421052631579,5.801578947368421,93.83636363636364,98.7,95.31724137931032,56.765395199,,1398972.0,450592.0,942393.0,4275.6,-31.7,6524.3,,,,5693668.0,2105168.0,3362551.214285714,59.78181818181818,64.9090909090909,8.081818181818182,,,,1183112.0,14091622.0,16579381.333333334,2527996.0,6736286.0,4403800.214285715,,,,,,,,,
2000,5,5.739130434782608,5.4818181818181815,5.489130434782608,6.215,6.351363636363636,5.795909090909091,94.05454545454543,99.2,95.56896551724138,62.467591933225805,,1406793.0,455317.0,945258.0,5189.4,17.4,7527.1,,,,5597849.0,2135757.0,3377717.285714286,59.60909090909092,64.65454545454546,8.018181818181818,,,,1257816.6666666667,14732980.0,17333997.333333332,2617137.0,6844574.0,4425140.642857143,,,,,,,,,
2000,6,6.0,5.747727272727273,5.75,5.895454545454545,6.032272727272727,5.582727272727272,94.2090909090909,99.8,95.82068965517242,62.246118575333334,,1411961.0,456568.0,949251.0,6536.9,-16.8,8537.6,,,,5651480.0,2200828.0,3405858.785714286,59.40909090909091,64.55454545454546,8.136363636363637,,,,1216205.3333333333,14550606.666666666,17045487.333333332,2850653.0,7051628.0,4430916.428571428,,,,,,,,,
2000,7,6.0,5.733,5.75,5.8635,5.984,5.551,94.43636363636364,100.4,96.29310344827586,57.50451286612903,,1415071.0,455815.0,953321.0,5480.3,33.9,7689.0,,,,5675397.0,2255955.0,3457741.785714286,59.38181818181818,64.58181818181818,8.254545454545456,,,,1169300.0,13959137.333333334,16369811.333333334,2686101.0,6960840.0,4472345.071428572,,,,,,,,,
2000,8,6.0,5.746363636363636,5.75,5.766363636363637,5.922727272727273,5.4786363636363635,94.55454545454543,100.9,96.56896551724138,62.98190135225806,,1420264.0,457870.0,956386.0,5632.4,-70.3,7704.8,,,,5702434.0,2196666.0,3466622.6428571427,59.41818181818182,64.76363636363637,8.463636363636363,,,,1270194.6666666667,13892036.0,16463867.333333334,2600700.0,6826244.0,4385287.142857143,,,,,,,,,
2000,9,6.0,5.7524999999999995,5.75,5.7295,5.7695,5.608,94.89090909090908,101.3,97.19310344827586,59.557986975,,1422834.0,458407.0,958451.0,5923.4,1.6,8041.8,,,,5738262.0,2267969.0,3499385.5,59.66363636363636,64.92727272727274,8.263636363636364,,,,1257528.0,14014248.0,16718217.333333334,2729484.0,7071829.0,4425631.214285715,,,,,,,,,
2000,10,6.0,5.759047619047619,5.75,5.723333333333334,5.746666666666666,5.605714285714286,94.9090909090909,101.8,97.91724137931034,59.51528812129032,,1425565.0,458897.0,960661.0,6369.8,-26.8,8562.7,,,,5758101.0,2335303.0,3475819.9285714286,59.52727272727272,64.94545454545454,8.481818181818182,,,,1295292.6666666667,14560890.0,17267299.333333332,2676059.0,7022365.0,4472337.714285715,,,,,,,,,
2000,11,6.0,5.747619047619048,5.75,5.727142857142857,5.791904761904762,5.61,95.07272727272726,102.2,98.38275862068966,60.312487176666664,,1426613.0,459896.0,960546.0,5941.1,-33.1,8842.3,,,,5768575.0,2420332.0,3481951.0,59.48181818181818,64.96363636363637,8.572727272727272,,,,1358970.0,14424754.666666666,17147768.666666668,2496073.0,6917988.0,4437116.071428572,,,,,,,,,
2000,12,6.0,5.75,5.75,5.402105263157895,5.3978947368421055,5.536315789473684,95.3181818181818,102.6,98.96551724137932,56.23408210935484,,1430277.0,460700.0,963346.0,7075.4,-128.2,9523.6,,,,5834926.0,2429960.0,3502639.6428571427,59.709090909090904,64.94545454545454,8.236363636363636,,,,1143026.6666666667,12445108.0,14964064.666666666,2802230.0,7230641.0,4487377.428571428,,,,,,,,,
2001,1,5.923913043478261,5.663636363636364,5.673913043478261,5.418636363636363,5.216363636363637,5.690909090909091,95.36363636363636,102.9,98.00344827586208,62.287655276451616,,1430465.0,454058.0,970834.0,8554.4,-55.7,11229.8,,,,5696585.0,2335413.0,3520073.9285714286,59.63636363636363,64.82727272727273,8.200000000000001,,,,1177109.3333333333,13939080.666666666,16514328.666666666,2681592.0,7110112.0,4493646.142857143,,,,,,,,,
2001,2,5.75,5.492500000000001,5.5,5.43,5.1855,5.6875,95.6,103.1,97.9448275862069,59.339592173214285,,1430086.0,455443.0,968866.0,6716.2,-61.4,9121.0,,,,5839097.0,2366363.0,3496853.8571428573,59.58181818181818,64.84545454545456,8.299999999999999,,,,1128877.3333333333,12645511.333333334,14987891.333333334,2591096.0,7151792.0,4442317.785714285,,,,,,,,,
2001,3,5.318181818181818,5.0619000000000005,5.068181818181818,5.301363636363636,4.9809090909090905,5.64,95.7,103.2,98.47241379310344,57.76078502774194,,1430984.0,454247.0,971006.0,7001.6,-39.5,8643.0,,,,5852022.0,2230017.0,3511998.4285714286,59.445454545454545,64.93636363636364,8.60909090909091,,,,1328127.3333333333,13575513.333333334,16309672.0,2634010.0,6888871.0,4403657.857142857,,,,,,,,,
2001,4,5.130952380952381,4.86528,4.880952380952381,5.5915,5.1825,5.911,96.03636363636365,103.2,98.72068965517242,57.10880286233333,,1429758.0,454861.0,969011.0,6610.2,54.1,8681.6,,,,5855919.0,2351314.0,3563497.5714285714,59.309090909090905,64.95454545454545,8.854545454545455,,,,1223056.6666666667,13607514.0,16016627.333333334,2494826.0,6909304.0,4435406.714285715,,,,,,,,,
2001,5,4.967391304347826,4.707777272727273,4.717391304347826,5.851363636363636,5.455454545454545,6.019090909090909,96.24545454545456,103.2,100.3103448275862,61.21359168870968,,1435864.0,456070.0,973877.0,6441.7,26.5,8554.9,,,,5935519.0,2411422.0,3591916.714285714,59.445454545454545,64.92727272727274,8.563636363636364,,,,1316140.0,14432846.666666666,17194779.333333332,2404001.0,6821866.0,4431715.071428572,,,,,,,,,
2001,6,4.75,4.4923190476190475,4.5,5.718095238095238,5.354761904761905,5.897142857142858,96.46363636363635,103.1,100.76206896551724,58.551784839,,1434670.0,452606.0,976376.0,5340.0,-6.6,7571.2,,,,5921536.0,2357996.0,3598582.5,59.45454545454545,64.85454545454546,8.5,,,,1280902.6666666667,13619142.666666666,16187257.333333334,2455006.0,6898780.0,4586201.928571428,,,,,,,,,
2001,7,4.625,4.360309523809524,4.375,5.800476190476191,5.425714285714285,5.951428571428572,96.63636363636364,103.1,100.1103448275862,59.161622441612906,,1432538.0,449152.0,977915.0,5298.3,-59.8,7574.8,,,,5917999.0,2161062.0,3544833.0714285714,59.48181818181818,64.93636363636364,8.518181818181818,,,,1223527.3333333333,13420524.666666666,15828097.333333334,2324180.0,6730377.0,4613314.5,,,,,,,,,
2001,8,4.456521739130435,4.1952181818181815,4.206521739130435,5.530909090909091,5.112727272727273,5.791363636363636,97.06363636363636,103.1,100.09655172413794,61.05980995419355,,1437285.0,451638.0,980054.0,4674.9,-65.3,7622.8,,,,5980189.0,2201913.0,3573989.214285714,59.45454545454545,64.89999999999999,8.572727272727272,,,,1289272.0,12624484.0,15256044.0,2325696.0,6817364.0,4610191.642857143,,,,,,,,,
2001,9,4.0,3.7270789473684207,3.75,5.302631578947368,4.672631578947368,5.785263157894737,97.1,103.0,99.90344827586206,53.837353834000005,,1429507.0,446842.0,977293.0,4964.2,-149.9,7480.9,,,,5992455.0,2307391.0,3529104.785714286,59.50909090909091,64.94545454545454,8.536363636363637,,,,1251225.3333333333,13087815.333333334,15585273.333333334,2448610.0,6905160.0,4586512.857142857,,,,,,,,,
2001,10,3.5217391304347827,3.252540909090909,3.2717391304347827,5.232727272727273,4.463636363636364,5.714090909090909,97.25454545454544,102.8,99.9206896551724,59.86689152258064,,1435965.0,448384.0,982233.0,3850.5,-34.8,6353.4,,,,5984656.0,2163112.0,3592824.5714285714,59.59090909090909,65.08181818181818,8.581818181818182,,,,1381732.0,13920128.666666666,16746917.333333334,2165847.0,6630014.0,4473572.142857143,,,,,,,,,
2001,11,2.909090909090909,2.645,2.659090909090909,5.177142857142857,4.414761904761905,5.502380952380952,97.39090909090908,102.4,98.19655172413792,58.47533735,,1445138.0,449360.0,990552.0,5703.4,98.6,7503.6,,,,6022774.0,2063711.0,3665353.785714286,59.56363636363637,65.06363636363636,8.618181818181817,,,,1337962.0,14053988.0,16746857.333333334,2252816.0,6492010.0,4460829.357142857,,,,,,,,,
2001,12,2.5,2.2413052631578947,2.25,5.408421052631579,4.672105263157895,5.667368421052632,97.64545454545454,101.9,98.5103448275862,54.58050734419355,,1443458.0,442948.0,995883.0,4917.5,46.6,6964.3,,,,6050194.0,2036399.0,3732100.785714286,59.40909090909091,65.27272727272727,9.136363636363637,,,,1115943.3333333333,12284652.666666666,14645168.0,2274930.0,6704157.0,4534034.714285715,,,,,,,,,
2002,1,2.358695652173913,2.094577272727273,2.108695652173913,5.343636363636364,4.583181818181818,5.636818181818182,97.72727272727272,101.4,99.06551724137933,59.165742302903226,,1458948.0,453189.0,1000492.0,5712.5,-93.8,7876.7,,,,6049398.0,2070347.0,3785246.9285714286,59.554545454545455,65.39090909090909,9.054545454545456,,,,1184087.3333333333,12820449.333333334,15390599.333333334,2284989.0,6773007.0,4665975.142857143,,,,,,,,,
2002,2,2.25,1.995595,2.0,5.321,4.6195,5.6635,97.96363636363635,100.9,99.04137931034482,57.20768649464286,,1466791.0,458139.0,1003313.0,5121.5,-257.5,7748.4,,,,6123945.0,2078144.0,3729427.0714285714,59.51818181818182,65.45454545454545,9.21818181818182,,,,1209097.3333333333,12240966.0,14766625.333333334,2367600.0,6893126.0,4708229.142857143,,,,,,,,,
2002,3,2.25,1.993885,2.0,5.667,5.095000000000001,5.9085,98.51818181818182,100.5,98.7896551724138,54.448379826451614,,1465211.0,457486.0,1002427.0,4459.5,-165.8,7008.2,,,,6194443.0,2226418.0,3724661.9285714286,59.85454545454545,65.56363636363636,8.863636363636363,,,,1297103.3333333333,13791670.666666666,16569941.333333334,2394147.0,6903177.0,4710471.357142857,,,,,,,,,
2002,4,2.375,2.1184,2.125,5.658636363636363,5.091363636363637,5.913636363636363,98.85454545454546,100.2,99.13448275862068,59.10025266533333,,1475574.0,464091.0,1005938.0,5589.2,-206.8,8256.6,,,,6070790.0,2331933.0,3808223.6428571423,60.07272727272727,65.58181818181818,8.527272727272727,,,,1400574.6666666667,14635161.333333334,17453456.0,2490321.0,6966275.0,4772407.857142857,,,,,,,,,
2002,5,2.5,2.2466636363636363,2.25,5.595909090909091,4.986363636363636,5.877727272727273,99.3,100.1,99.51724137931036,60.78026905032258,,1477787.0,463615.0,1008554.0,5145.7,-194.1,8060.9,,,,6143175.0,2237793.0,3737999.785714286,60.08181818181818,65.7909090909091,8.845454545454546,,,,1453380.0,14652066.666666666,17606478.0,2513712.0,7002938.0,4833839.0,,,,,,,,,
2002,6,2.7375,2.48379,2.4875,5.424,4.791,5.749499999999999,100.10909090909092,99.9,99.56206896551724,54.977732726,,1479462.0,462797.0,1011039.0,2789.3,-181.9,6033.5,,,,6203650.0,2331433.0,3824132.0714285714,60.24545454545455,65.88181818181819,8.700000000000001,,,,1396641.3333333333,13112820.0,15981955.333333334,2341963.0,6803011.0,4776768.142857143,,,,,,,,,
2002,7,2.880434782608696,2.631222727272727,2.630434782608696,5.290454545454545,4.490454545454546,5.749090909090909,100.34545454545454,99.8,99.60689655172412,60.25730428096774,,1485217.0,465582.0,1013891.0,5048.6,-206.9,7797.9,,,,6277241.0,2409634.0,3802941.214285714,60.27272727272727,65.96363636363637,8.736363636363636,,,,1418329.3333333333,12954350.666666666,15805454.0,2421246.0,6817312.0,4851350.928571428,,,,,,,,,
2002,8,3.0,2.743661904761905,2.75,5.12047619047619,4.276666666666666,5.605714285714286,100.6181818181818,99.7,99.84137931034483,56.87182050806451,,1490765.0,465864.0,1019179.0,4116.1,-62.5,7336.4,,,,6326651.0,2469859.0,3823897.0,60.59090909090909,66.14545454545454,8.5,,,,1432047.3333333333,12699637.333333334,15656243.333333334,2361512.0,6825513.0,4929721.142857143,,,,,,,,,
2002,9,3.0,2.745535,2.75,4.8855,4.173,5.398,100.9909090909091,99.5,100.5551724137931,55.931241758333336,,1487347.0,462976.0,1018725.0,4717.3,-201.5,8033.8,,,,6260510.0,2428984.0,3802894.1428571423,60.54545454545455,66.13636363636364,8.627272727272727,,,,1364478.0,13099768.666666666,15967551.333333334,2311347.0,6735739.0,4913912.928571428,,,,,,,,,
2002,10,3.0,2.744959090909091,2.75,5.127272727272727,4.368636363636363,5.607727272727273,101.3818181818182,99.3,101.67931034482758,59.23794314290323,,1496308.0,466904.0,1023647.0,5383.0,-217.8,8261.6,,,,6360385.0,2475851.0,3865977.785714286,60.45454545454545,66.17272727272727,8.781818181818181,,,,1518756.6666666667,13910455.333333334,17122816.666666668,2312990.0,6765382.0,4948336.0,,,,,,,,,
2002,11,3.0,2.744615,2.75,5.089499999999999,4.274,5.555,101.8181818181818,99.3,101.82758620689656,55.987399098333334,,1495605.0,464827.0,1025086.0,4540.5,-305.1,7389.4,,,,6348072.0,2527760.0,3859316.5714285714,60.59090909090909,66.26363636363637,8.718181818181819,,,,1495761.3333333333,13002493.333333334,16111745.333333334,2308896.0,6833026.0,5021202.071428572,,,,,,,,,
2002,12,3.0,2.743,2.75,4.967499999999999,4.165,5.4575000000000005,102.34545454545454,99.3,101.33793103448276,57.12829997774194,,1491093.0,460907.0,1024623.0,3816.3,-257.6,7460.6,,,,6376431.0,2550238.0,3881769.6428571423,60.73636363636364,66.45454545454545,8.736363636363636,,,,1362213.3333333333,12218449.333333334,15100883.333333334,2282333.0,6832027.0,4970926.857142857,,,,,,,,,
2003,1,3.0,2.7437045454545452,2.75,4.961818181818182,4.1454545454545455,5.467272727272728,102.5,99.4,102.29310344827586,60.06673268741935,,1498814.0,465569.0,1027515.0,4811.3,-236.2,7551.6,,,,6476849.0,2631475.0,3876792.214285714,60.690909090909095,66.31818181818181,8.627272727272727,,,,1335200.0,12178882.666666666,14899253.333333334,2380310.0,6995794.0,5035037.142857143,,,,,,,,,
2003,2,3.0,2.74527,2.75,5.012,4.2645,5.496,102.98181818181818,99.6,102.80344827586208,58.98530110714286,,1502703.0,466986.0,1030098.0,4898.0,-84.4,8158.3,,,,6454596.0,2846366.0,3946076.785714286,60.78181818181818,66.42727272727274,8.627272727272727,,,,1267537.3333333333,11639747.333333334,14278044.666666666,2534342.0,7124416.0,5045490.5,,,,,,,,,
2003,3,3.238095238095238,2.9825095238095236,2.988095238095238,4.997142857142857,4.316190476190476,5.490952380952381,103.5909090909091,99.9,103.7,57.312705887741934,,1501137.0,466266.0,1029369.0,5585.9,-299.5,8753.7,,,,6466854.0,2733287.0,3896452.9285714286,60.73636363636364,66.31818181818181,8.554545454545455,,,,1429787.3333333333,12997551.333333334,15980420.666666666,2269836.0,6830096.0,4983463.428571428,,,,,,,,,
2003,4,3.386363636363636,3.124442857142857,3.136363636363636,5.051904761904762,4.357619047619048,5.5304761904761905,103.78181818181817,100.0,103.37586206896552,62.751969832,,1496182.0,464959.0,1025782.0,4123.0,-365.9,6949.0,,,,6596945.0,2448339.0,3882329.4285714286,60.75454545454545,66.30909090909091,8.527272727272727,,,,1497879.3333333333,13331588.0,16301142.0,2267848.0,6801331.0,4873309.285714285,,,,,,,,,
2003,5,3.5,3.2409857142857144,3.25,4.671904761904762,3.935714285714286,5.232380952380952,104.3181818181818,100.2,103.1103448275862,63.43888425096774,,1500560.0,464798.0,1030408.0,3585.0,-363.9,6294.0,,,,6398714.0,2259508.0,3926373.3571428577,60.59090909090909,66.27272727272727,8.727272727272727,,,,1585882.0,12852794.0,15922136.666666666,2180876.0,6667401.0,4845390.214285715,,,,,,,,,
2003,6,3.5,3.2439238095238094,3.25,4.288095238095238,3.4714285714285715,4.955714285714286,104.7,100.2,103.46206896551725,64.00073703966667,,1504985.0,463726.0,1036060.0,3598.6,-403.3,6613.6,,,,6587340.0,2335598.0,3938535.6428571423,60.9,66.32727272727273,8.299999999999999,,,,1470400.6666666667,12344080.0,15226390.0,2143495.0,6729718.0,4888631.214285715,,,,,,,,,
2003,7,3.358695652173913,3.098631818181818,3.108695652173913,4.683181818181819,3.746363636363637,5.297727272727273,105.04545454545456,99.9,103.3896551724138,66.67359567709677,,1512785.0,467891.0,1039489.0,4384.6,-278.1,7636.4,,,,6527032.0,2387513.0,3958265.785714286,60.9,66.47272727272728,8.563636363636364,,,,1496657.3333333333,13192508.0,16005950.666666666,2315822.0,7008379.0,4919642.0,,,,,,,,,
2003,8,3.25,2.9977,3.0,4.901999999999999,3.895000000000001,5.4155,105.27272727272728,99.7,103.33448275862068,60.39115875774194,,1498298.0,464334.0,1028483.0,4770.5,-293.8,7185.2,,,,6570564.0,2500629.0,4002965.0714285714,60.77272727272727,66.39999999999999,8.636363636363637,,,,1421978.0,12349944.666666666,15054849.333333334,1914399.0,6233329.0,4658303.571428572,,,,,,,,,
2003,9,3.022727272727273,2.759547619047619,2.772727272727273,4.757142857142857,3.9909523809523817,5.3047619047619055,105.76363636363637,99.7,103.46551724137932,66.72142668766666,,1516781.0,470869.0,1040196.0,5442.9,-336.3,7672.3,,,,6531027.0,2491417.0,3977334.8571428577,60.73636363636364,66.32727272727273,8.60909090909091,,,,1440578.0,13605398.0,16419864.0,2217256.0,6680491.0,4978011.071428572,,,,,,,,,
2003,10,3.0,2.7489045454545455,2.75,4.815454545454545,4.039090909090909,5.346363636363637,106.4909090909091,99.7,103.68620689655172,69.21216930419355,,1523419.0,473581.0,1043997.0,4953.1,-301.1,7115.1,,,,6589337.0,2401723.0,3975003.4285714286,60.82727272727273,66.33636363636364,8.454545454545455,,,,1625020.6666666667,14436610.0,17651521.333333332,2282029.0,6673871.0,4985280.214285715,,,,,,,,,
2003,11,3.0,2.7481315789473686,2.75,4.856842105263158,4.118947368421053,5.3589473684210525,106.82727272727271,99.7,103.86551724137932,62.608614024666664,,1525034.0,474553.0,1044630.0,4506.5,-278.5,6910.0,,,,6643680.0,2408838.0,3968218.714285714,60.89090909090908,66.50909090909092,8.58181818181818,,,,1520169.3333333333,13816218.0,16879301.333333332,2268188.0,6720559.0,5057347.571428572,,,,,,,,,
2003,12,3.0,2.7481761904761903,2.75,4.729047619047619,3.995238095238096,5.255714285714286,107.3181818181818,99.8,104.18620689655172,69.25290796709677,,1531448.0,477248.0,1048332.0,4898.3,-310.2,7273.3,,,,6696290.0,2506583.0,3957854.0714285714,61.04545454545455,66.57272727272726,8.427272727272728,,,,1403200.6666666667,13998491.333333334,16975351.333333332,2348114.0,6844387.0,5101159.428571428,,,,,,,,,
2004,1,2.897727272727273,2.6397,2.647727272727273,4.586190476190477,3.755238095238095,5.190952380952381,107.82727272727271,99.8,104.33793103448276,66.76952037258064,,1534133.0,478538.0,1049713.0,4940.7,-307.3,7071.0,,,,6840155.0,2718667.0,3812699.9411764704,60.96363636363637,66.45454545454545,8.427272727272728,,,,1356890.0,12790368.666666666,15595998.0,2253582.0,1361870.8,5034170.642857143,,,,,,,,,
2004,2,2.75,2.495875,2.5,4.4515,3.528,5.1155,108.05454545454543,99.9,104.5793103448276,63.23376440551724,,1533153.0,476204.0,1051291.0,5466.4,-194.7,7960.0,,,,6815245.0,2745826.0,3916136.0,60.95454545454545,66.37272727272726,8.290909090909091,,,,1313715.3333333333,12862474.666666666,15575290.666666666,2299207.0,1388887.0,5058502.928571428,,,,,,,,,
2004,3,2.510869565217391,2.2586391304347826,2.260869565217391,4.260434782608695,3.316521739130435,4.968695652173913,108.47272727272728,99.8,104.57241379310344,68.35650974387097,,1546782.0,480334.0,1060755.0,5290.9,-287.9,7765.0,,,,6887719.0,2665130.0,3911258.529411765,61.01818181818182,66.49090909090908,8.381818181818183,,,,1484351.3333333333,15133204.0,18172319.333333332,2104307.0,1340582.0,5160125.285714285,,,,,,,,,
2004,4,2.340909090909091,2.0803666666666665,2.090909090909091,4.612857142857143,3.694761904761905,5.232380952380952,109.04545454545456,99.6,105.01379310344828,67.085750778,,1550713.0,481729.0,1063262.0,6367.7,-321.2,8735.4,,,,6781836.0,2575841.0,3853375.352941176,60.98181818181818,66.45454545454545,8.372727272727273,,,,1572698.6666666667,14916316.0,17963376.0,2018305.0,1376574.5,5203900.5,,,,,,,,,
2004,5,2.25,1.99798,2.0,4.773,3.911,5.335,109.63636363636364,99.5,105.1689655172414,60.499750551290326,,1552199.0,481511.0,1065048.0,5108.6,-349.8,8443.3,,,,6818651.0,2685451.0,3897709.0,61.190909090909095,66.49090909090908,8.127272727272727,,,,1573627.3333333333,14596428.0,17675918.0,2356909.0,1431286.6,5291111.285714285,,,,,,,,,
2004,6,2.25,1.9992090909090907,2.0,4.932727272727273,4.176363636363636,5.411363636363636,110.42727272727274,99.5,105.57241379310344,66.26462766466666,,1559745.0,485640.0,1068279.0,7644.9,-469.3,10118.9,,,,6869102.0,2687884.0,3890906.9411764704,61.14545454545455,66.61818181818181,8.327272727272726,,,,1538443.3333333333,14368564.0,17301728.666666668,2180963.0,1400972.5,5368441.428571428,,,,,,,,,
2004,7,2.25,1.9983619047619048,2.0,4.75,3.984761904761905,5.262380952380953,111.32727272727271,99.6,105.84482758620688,65.7587084751613,,1561166.0,484279.0,1071196.0,5775.8,-527.0,8833.6,,,,6832490.0,2634762.0,3904703.882352941,61.290909090909096,66.53636363636363,8.036363636363637,,,,1546222.6666666667,12882818.666666666,15826053.333333334,2055076.0,1376808.4,5208567.714285715,,,,,,,,,
2004,8,2.25,1.9987523809523808,2.0,4.630952380952381,3.822857142857143,5.138571428571429,111.48181818181818,99.9,106.0896551724138,66.34113734129033,,1567772.0,485890.0,1076135.0,6064.2,-518.5,9054.7,,,,6971428.0,2630570.0,3932405.0588235296,61.290909090909096,66.55454545454546,8.036363636363637,,,,1488806.0,13069881.333333334,15956104.0,2262381.0,1452142.0,5366214.785714285,,,,,,,,,
2004,9,2.4431818181818183,2.2004238095238096,2.1931818181818183,4.602380952380953,4.0128571428571425,5.076666666666666,112.03636363636365,100.0,106.5103448275862,69.869744025,,1572150.0,487830.0,1078498.0,4482.8,-517.8,7761.5,,,,7058797.0,2743478.0,3982448.529411765,61.36363636363637,66.63636363636364,8.045454545454545,,,,1534801.3333333333,12994314.666666666,15939577.333333334,2243731.0,1519040.4,5378814.071428572,,,,,,,,,
2004,10,2.607142857142857,2.35929,2.357142857142857,4.55,3.956,5.0275,112.64545454545454,100.2,107.20344827586209,66.46422537548386,,1572634.0,488346.0,1078377.0,4885.5,-479.6,8216.0,,,,7032268.0,2905568.0,4022131.0588235296,61.31818181818182,66.5909090909091,8.036363636363637,,,,1619783.3333333333,14638600.666666666,17750546.666666668,2142719.0,1441878.7,5359105.214285715,,,,,,,,,
2004,11,2.75,2.496290476190476,2.5,4.484761904761905,3.9014285714285712,4.953333333333333,112.94545454545457,100.3,107.74827586206897,74.52537408233334,,1578521.0,489025.0,1083605.0,4701.0,-661.4,8366.8,,,,7186855.0,2993885.0,4067784.0588235296,61.38181818181818,66.69090909090909,8.090909090909092,,,,1594680.0,15056129.333333334,18263454.0,2255266.0,1502918.4,5431587.571428572,,,,,,,,,
2004,12,2.75,2.498747619047619,2.5,4.320476190476191,3.6466666666666665,4.863809523809524,113.37272727272726,100.5,107.67241379310344,73.58685513096773,,1578808.0,489147.0,1083730.0,4249.5,-599.1,7560.3,,,,7060894.0,2933697.0,4027754.117647059,61.445454545454545,66.64545454545454,7.909090909090909,,,,1451919.3333333333,14159406.0,17181553.333333332,2257641.0,1482864.1,5426646.285714285,,,,,,,,,
2005,1,2.75,2.49787,2.5,4.2605,3.6255,4.777,113.6,100.5,107.66206896551724,67.11786301387097,,1586464.0,493436.0,1086697.0,3783.0,-322.0,7239.7,,,,7243140.0,3015813.0,4072682.7647058824,61.32727272727273,66.42727272727274,7.836363636363637,,,,1413539.3333333333,13342634.0,16249933.333333334,2231583.0,1512822.3,5438846.071428572,,,,,,,,,
2005,2,2.75,2.4957149999999997,2.5,4.205,3.5755000000000003,4.6825,114.05454545454543,100.5,107.7896551724138,69.96774340571429,,1587514.0,489858.0,1091868.0,4431.2,-716.4,8365.8,,,,7157091.0,3065435.0,4143643.529411765,61.2,66.4090909090909,8.0,,,,1431008.6666666667,13633392.0,16578856.666666666,2214439.0,1532645.9,5511942.5,,,,,,,,,
2005,3,2.75,2.4862181818181814,2.5,4.358181818181818,3.7495454545454545,4.778636363636363,114.76363636363637,100.6,108.2103448275862,74.00145916645161,,1582075.0,486567.0,1090027.0,4142.7,-734.3,8084.9,,,,7155029.0,3046691.0,4084140.7647058824,61.21818181818182,66.29090909090908,7.754545454545454,,,,1587670.0,15580776.0,18741955.333333332,2258839.0,1522178.7,5428461.642857143,,,,,,,,,
2005,4,2.75,2.492714285714286,2.5,4.193809523809524,3.5852380952380956,4.637619047619047,115.19090909090907,100.7,108.79655172413791,68.87340561733335,,1593743.0,492436.0,1095552.0,4642.4,-630.4,8205.3,,,,7069848.0,3012691.0,4070408.352941176,61.09090909090909,66.16363636363636,7.809090909090909,,,,1590483.3333333333,14326985.333333334,17433221.333333332,2225635.0,1535476.0,5484130.857142857,,,,,,,,,
2005,5,2.75,2.4905714285714287,2.5,4.0738095238095235,3.49,4.504761904761905,115.4090909090909,100.8,108.8896551724138,68.84385103580645,,1600541.0,496286.0,1098270.0,4013.6,-795.5,8000.4,,,,7207837.0,2790582.0,4071715.294117647,61.09090909090909,66.23636363636363,7.872727272727272,,,,1593548.0,14613698.0,17856890.0,2276114.0,1557775.3,5519432.571428572,,,,,,,,,
2005,6,2.75,2.4932136363636364,2.5,3.828181818181818,3.222272727272727,4.301363636363636,115.93636363636364,100.8,109.0793103448276,72.40258365966666,,1605305.0,494508.0,1105266.0,4032.3,-838.8,7653.3,,,,7191921.0,2979963.0,4163302.411764706,61.10909090909092,66.19090909090909,7.790909090909091,,,,1515508.6666666667,14848024.0,17784639.333333332,2488792.0,1634786.7,5613393.285714285,,,,,,,,,
2005,7,2.75,2.493535,2.5,3.8995,3.3495,4.318,116.5,100.8,109.72413793103448,68.01845723774194,,1609419.0,496515.0,1107288.0,4576.4,-764.0,8654.6,,,,7245136.0,3031841.0,4188486.9411764704,61.345454545454544,66.24545454545455,7.527272727272727,,,,1491006.6666666667,13849568.666666666,16659670.666666666,2348079.0,1574699.0,5394836.5,,,,,,,,,
2005,8,2.75,2.4907409090909094,2.5,3.9204545454545454,3.411363636363636,4.2681818181818185,116.64545454545454,100.6,109.56551724137933,75.32898615451613,,1615485.0,497555.0,1112391.0,5556.2,-755.6,9046.4,,,,7248009.0,3291447.0,4164603.588235294,61.26363636363636,66.23636363636363,7.672727272727273,,,,1595707.3333333333,14958310.666666666,18039417.333333332,2231794.0,1556381.4,5580778.857142857,,,,,,,,,
2005,9,2.9545454545454546,2.7064190476190477,2.7045454545454546,3.868571428571428,3.4714285714285715,4.187619047619047,117.60909090909092,100.6,110.71724137931037,76.19612386,,1616815.0,498372.0,1112848.0,6216.4,-865.8,10352.8,,,,7253675.0,3524687.0,4162978.882352941,61.06363636363637,66.2,7.854545454545455,,,,1566029.3333333333,14337502.0,17293896.666666668,2370117.0,1592143.4,5682584.714285715,,,,,,,,,
2005,10,3.119047619047619,2.863295,2.869047619047619,4.047,3.726,4.282500000000001,118.4909090909091,100.5,111.40689655172416,70.71916594806451,,1622249.0,498070.0,1118782.0,7527.6,-880.6,11685.6,,,,7231665.0,3439721.0,4200457.470588235,61.13636363636363,66.23636363636363,7.836363636363637,,,,1644546.6666666667,15071638.666666666,18270282.666666668,2450916.0,1632612.5,5789128.142857143,,,,,,,,,
2005,11,3.25,2.9862142857142855,3.0,4.107142857142857,3.8880952380952385,4.263809523809524,119.0818181818182,100.4,111.49310344827587,76.57263436299999,,1631120.0,501423.0,1124152.0,6161.5,-900.0,10534.0,,,,7247314.0,3302690.0,4214099.0,61.35454545454545,66.19999999999999,7.418181818181818,,,,1621185.3333333333,14941646.666666666,18214729.333333332,2387499.0,1623809.7,5760486.357142857,,,,,,,,,
2005,12,3.465909090909091,3.197755,3.215909090909091,4.0409999999999995,3.92,4.1485,119.5090909090909,100.5,110.97586206896553,75.30460900741936,,1639741.0,505748.0,1128180.0,6511.4,-848.1,10617.7,,,,7316295.0,3326038.0,4240954.94117647,61.2,66.2090909090909,7.7,,,,1464335.3333333333,14301037.333333334,17312835.333333332,2318623.0,1652945.5,5740735.428571428,,,,,,,,,
2006,1,3.5681818181818183,3.3032523809523813,3.3181818181818183,4.029047619047619,3.911904761904762,4.133809523809524,120.02727272727272,100.8,112.0,75.25918642258064,,1643777.0,503809.0,1134435.0,5565.6,-991.2,9987.4,,,,7268132.0,3381496.0,4306752.588235294,61.309090909090905,66.3,7.663636363636363,,,,1450524.6666666667,14106004.0,17162340.0,2464377.0,1683539.6,5800656.642857143,,,,,,,,,
2006,2,3.75,3.476605,3.5,4.17,4.08,4.217499999999999,120.8818181818182,101.0,111.94137931034484,76.50928833249999,,1647376.0,503825.0,1138263.0,4809.1,-973.6,8402.9,,,,7347284.0,3308675.0,4309670.05882353,61.48181818181818,66.5,7.690909090909091,,,,1394669.3333333333,12748751.333333334,15512260.666666666,2407215.0,1698479.7,5783508.214285715,,,,,,,,,
2006,3,3.9565217391304346,3.654778260869566,3.7065217391304346,4.199565217391305,4.0978260869565215,4.217391304347826,121.48181818181818,101.2,111.96206896551725,78.88060648580645,,1651113.0,503766.0,1142224.0,4140.0,-937.0,7831.0,,,,7342335.0,3321922.0,4325660.529411765,61.40909090909091,66.47272727272728,7.727272727272728,,,,1656813.3333333333,15071001.333333334,18359179.333333332,2480996.0,1710226.8,5779223.857142857,,,,,,,,,
2006,4,4.05,3.7895210526315792,3.8,4.415789473684211,4.278421052631579,4.458421052631579,122.86363636363636,101.3,112.74137931034484,71.58913275866666,,1651447.0,501082.0,1145532.0,3849.9,-1196.6,8674.9,,,,7345891.0,3563312.0,4383460.529411765,61.60909090909092,66.64545454545454,7.690909090909091,,,,1598568.0,14334103.333333334,17437247.333333332,2544510.0,1715410.1,5842557.285714285,,,,,,,,,
2006,5,4.315217391304348,4.028300000000001,4.065217391304348,4.399545454545454,4.253181818181818,4.450909090909091,123.83636363636364,101.7,113.32413793103449,81.50511229870968,,1652209.0,500176.0,1147209.0,3263.8,-1027.1,8097.5,,,,7399869.0,3422765.0,4346250.764705882,61.78181818181818,66.5909090909091,7.345454545454545,,,,1631127.3333333333,14795142.666666666,18081109.333333332,2493015.0,1723014.3,5882681.928571428,,,,,,,,,
2006,6,4.5,4.2355909090909085,4.25,4.441363636363636,4.335454545454545,4.492272727272727,124.93636363636364,102.1,113.26896551724138,80.55083758366666,,1649492.0,497137.0,1147719.0,3525.1,-1099.3,7844.8,,,,7349209.0,3498749.0,4372638.411764706,61.51818181818182,66.36363636363636,7.409090909090909,,,,1629812.0,14236334.0,17337627.333333332,2401722.0,1706729.6,5814564.571428572,,,,,,,,,
2006,7,4.5,4.2436300000000005,4.25,4.444,4.3175,4.5035,125.47272727272728,102.6,113.72068965517242,73.37164677161292,,1652499.0,497731.0,1150083.0,3617.0,-1123.2,7846.3,,,,7480301.0,3676565.0,4477396.411764706,61.38181818181818,66.39090909090909,7.663636363636363,,,,1562120.0,14332938.666666666,17372986.666666668,2487024.0,1704255.9,5838801.142857143,,,,,,,,,
2006,8,4.5,4.224177272727273,4.25,4.252727272727273,4.133636363636364,4.3145454545454545,126.7090909090909,103.3,114.00344827586208,80.91061754677419,,1653687.0,496930.0,1152169.0,3280.1,-965.2,7790.9,,,,7484215.0,3727083.0,4472640.411764706,61.45454545454545,66.46363636363635,7.663636363636363,,,,1620775.3333333333,15070540.0,18322585.333333332,2456731.0,1726157.0,5904727.285714285,,,,,,,,,
2006,9,4.5,4.243650000000001,4.25,4.0685714285714285,3.965,4.156499999999999,127.92727272727274,103.9,114.49655172413792,76.65458229866667,,1651259.0,492797.0,1154304.0,4160.6,-1060.6,7207.6,,,,7480363.0,3216530.0,4402589.94117647,61.627272727272725,66.4090909090909,7.327272727272727,,,,1580068.0,14398629.333333334,17596571.333333332,2467113.0,1714871.0,5835800.0,,,,,,,,,
2006,10,4.5,4.238490476190476,4.25,4.1066666666666665,4.011904761904762,4.177142857142857,128.4909090909091,104.4,114.3,76.9202016583871,,1653852.0,493448.0,1156230.0,2820.6,-946.3,6291.9,,,,7561734.0,3196337.0,4418545.05882353,61.75454545454545,66.5,7.281818181818181,,,,1674674.0,14808654.666666666,18218220.0,2508266.0,1721000.3,5808712.142857143,,,,,,,,,
2006,11,4.5,4.249547619047619,4.25,3.9995238095238097,3.910476190476191,4.076666666666666,128.6727272727273,105.0,114.44827586206895,78.70687863233334,,1657476.0,493142.0,1160312.0,3599.0,-1061.2,7061.5,,,,7517791.0,3342245.0,4449441.588235294,61.71818181818182,66.52727272727272,7.363636363636363,,,,1616105.3333333333,14826837.333333334,18120248.0,2491613.0,1736217.5,5865208.214285715,,,,,,,,,
2006,12,4.5,4.25332105263158,4.25,3.966315789473684,3.865789473684211,4.038947368421052,129.33636363636364,105.5,115.22413793103448,71.37498691903227,,1667863.0,496220.0,1167635.0,5437.9,-817.1,8445.4,,,,7642958.0,3430106.0,4544544.882352941,61.77272727272727,66.62727272727273,7.418181818181818,,,,1476553.3333333333,13706734.0,16856778.0,2535669.0,1761965.4,6138830.0,,,,,,,,,
2007,1,4.5,4.243413636363636,4.25,4.121818181818182,4.027727272727272,4.174545454545455,129.63636363636363,105.9,115.69655172413792,76.93450364580646,,1664270.0,495831.0,1164199.0,4687.2,-993.6,7742.6,,,,7551990.0,3442809.0,4498777.470588235,61.92727272727273,66.81818181818181,7.427272727272728,,,,1478844.6666666667,13844360.666666666,16988304.666666668,2584816.0,1788298.4,6034517.142857143,,,,,,,,,
2007,2,4.5,4.235035,4.25,4.1175,4.0415,4.165,129.98181818181817,106.3,115.72068965517242,74.33019957678572,,1672314.0,499754.0,1168277.0,4084.7,-1410.1,7815.7,,,,7630216.0,3617701.0,4533687.352941177,62.02727272727272,66.66363636363636,7.109090909090909,,,,1390358.0,11990176.0,14881742.666666666,2719708.0,1819163.3,6194794.5,,,,,,,,,
2007,3,4.5,4.230009090909092,4.25,4.045909090909091,3.946818181818182,4.135454545454546,130.79090909090908,106.7,116.31379310344828,73.84792543096775,,1675800.0,500458.0,1171181.0,4500.3,-1275.8,8245.6,,,,7567604.0,3780167.0,4591990.117647059,62.118181818181824,66.80909090909091,7.127272727272728,,,,1648596.6666666667,13989265.333333334,17455736.666666668,2619301.0,1806687.0,6265899.571428572,,,,,,,,,
2007,4,4.5,4.25083,4.25,4.1715,4.1049999999999995,4.2255,132.0909090909091,107.1,117.18275862068968,74.818103179,,1677975.0,498717.0,1175451.0,5616.2,-1100.8,8167.8,,,,7779010.0,3788799.0,4657385.294117647,62.054545454545455,66.63636363636364,6.972727272727273,,,,1575462.6666666667,14065528.666666666,17388908.0,2569816.0,1796270.3,6184426.857142857,,,,,,,,,
2007,5,4.5,4.2367954545454545,4.25,4.292727272727273,4.29,4.282727272727272,132.89090909090908,107.5,117.13793103448276,82.24315538645162,,1685392.0,500575.0,1181088.0,5387.7,-1141.1,7617.4,,,,7784337.0,3848264.0,4713484.588235294,62.03636363636363,66.66363636363636,7.072727272727272,,,,1653980.0,15573756.666666666,19033913.333333332,2578938.0,1827818.1,6198563.642857143,,,,,,,,,
2007,6,4.5,4.2504952380952385,4.25,4.612857142857143,4.6433333333333335,4.523809523809524,135.62727272727273,107.9,118.21379310344828,79.83206489133333,,1690289.0,501866.0,1184745.0,3818.9,-1063.6,6597.5,,,,7799301.0,3791447.0,4663507.882352941,62.118181818181824,66.72727272727273,7.009090909090909,,,,1610994.6666666667,14401512.0,17686975.333333332,2675440.0,1848814.5,6189303.428571428,,,,,,,,,
2007,7,4.681818181818182,4.445485714285714,4.431818181818182,4.59,4.612380952380953,4.521904761904762,136.8090909090909,108.8,118.70689655172414,81.75056099032257,,1690162.0,498715.0,1188137.0,2611.3,-1009.2,6252.0,,,,7774902.0,3779660.0,4658903.588235294,62.190909090909095,66.72727272727273,6.909090909090909,,,,1651053.3333333333,14750865.333333334,18138170.0,2609987.0,1848045.3,6146623.5,,,,,,,,,
2007,8,4.75,4.457322727272727,4.5,4.428636363636364,4.385909090909091,4.444090909090909,137.9090909090909,109.6,119.33448275862068,84.85114760774194,,1695381.0,502369.0,1189405.0,3835.1,-1109.8,6921.1,,,,7796488.0,3674866.0,4697555.823529412,62.26363636363636,66.8,6.918181818181818,,,,1721249.3333333333,14874151.333333334,18512415.333333332,2616040.0,1814287.9,6152932.214285715,,,,,,,,,
2007,9,4.75,4.444547368421053,4.5,4.356315789473684,4.270526315789474,4.425789473684211,139.22727272727272,110.5,119.71724137931037,78.34257807166667,,1692836.0,500570.0,1188719.0,2657.9,-1073.0,6473.6,,,,7809714.0,3703777.0,4648231.0,62.33636363636364,66.84545454545454,6.872727272727272,,,,1588584.0,14311931.333333334,17745750.0,2638362.0,1795168.5,6166448.571428572,,,,,,,,,
2007,10,4.75,4.5075318181818185,4.5,4.362727272727273,4.276363636363636,4.431363636363636,139.79090909090908,111.4,120.63103448275862,91.5015039316129,,1694950.0,497809.0,1193836.0,3140.0,-1072.8,6248.5,,,,7869504.0,3767095.0,4647904.823529412,62.445454545454545,66.92727272727274,6.8,,,,1743099.3333333333,15210043.333333334,19026009.333333332,2590909.0,1658098.4545454546,6216483.642857143,,,,,,,,,
2007,11,4.75,4.505409523809524,4.5,4.121428571428571,3.961904761904762,4.273333333333333,139.95454545454547,112.3,120.93793103448276,90.88316796266666,,1697058.0,497627.0,1196129.0,3819.9,-1026.5,6734.4,,,,7910655.0,4137388.0,4735154.588235294,62.46363636363637,67.08181818181818,7.0,,,,1718713.3333333333,14576479.333333334,18262886.0,2600123.0,1644804.181818182,6214591.0,,,,,,,,,
2007,12,4.511904761904762,4.275047368421053,4.261904761904762,4.015789473684211,3.865263157894737,4.156315789473684,140.0909090909091,113.2,121.77241379310344,81.06694436548386,,1691174.0,492911.0,1195304.0,2010.8,-991.6,6213.8,,,,7955532.0,4134708.0,4825558.882352941,62.47272727272728,67.02727272727273,6.9,,,,1427662.6666666667,12848228.0,16051094.666666666,2331612.0,1588713.2727272727,6047006.928571428,,,,,,,,,
2008,1,4.413043478260869,4.159622727272727,4.163043478260869,3.848181818181818,3.5463636363636364,4.1045454545454545,140.34545454545454,114.0,122.0,87.77422104322581,,1698880.0,495813.0,1199790.0,2534.5,-926.5,6105.3,,,,7966087.0,4162709.0,4868469.764705882,62.56363636363637,67.16363636363636,6.954545454545454,,,,1568004.0,13522746.0,16939831.333333332,2741745.0,1669945.818181818,6121446.428571428,,,,5638106.923076923,4481939.0,8440357.285714285,,,
2008,2,4.25,4.00076,4.0,3.828,3.399,4.192,141.63636363636363,114.9,122.44827586206895,86.49265807689655,,1696406.0,496206.0,1197040.0,3825.4,-1037.0,7634.1,,,,7972968.0,4212798.0,4813438.05882353,62.46363636363637,67.14545454545454,7.0636363636363635,,,,1481202.0,12835246.666666666,16117706.666666666,2569366.0,1657188.6363636365,6111465.071428572,,,,5469822.307692308,3807680.0,7983632.0,,,
2008,3,3.773809523809524,3.5103850000000003,3.5238095238095237,3.5090000000000003,2.952,4.011,143.05454545454543,115.6,123.33448275862068,79.86877027258065,,1700023.0,496415.0,1200907.0,5780.1,-1273.4,8713.3,,,,7976319.0,4271527.0,4808726.882352941,62.47272727272728,67.11818181818181,7.081818181818182,,,,1520588.0,13777437.333333334,17219832.0,2529661.0,1682170.181818182,6137123.785714285,,,,5351696.769230769,3630416.5,7866977.0,,,
2008,4,3.590909090909091,3.3366272727272728,3.340909090909091,3.628636363636363,3.112727272727273,4.1068181818181815,143.70909090909092,116.4,124.73103448275862,85.435560526,,1704115.0,498027.0,1203540.0,5018.8,-844.8,8545.7,,,,8025141.0,4394092.0,4865051.352941177,62.61818181818182,67.33636363636364,7.136363636363637,,,,1656028.0,14558706.0,18139452.666666668,2762881.0,1748950.7272727273,6281554.0,,,,4747485.538461538,3086367.5,6892661.571428572,,,
2008,5,3.25,2.999590476190476,3.0,3.621428571428571,3.194761904761905,4.092380952380952,144.5818181818182,117.1,125.43103448275862,84.04447143870968,,1704579.0,497264.0,1205058.0,5678.5,-1019.2,8460.7,,,,8037031.0,4600193.0,4873799.705882353,62.53636363636363,67.17272727272727,7.0181818181818185,,,,1685700.0,14507418.0,18078992.0,2852425.0,1743769.7272727273,6503797.5,,,,4493753.846153846,2999966.0,6499373.571428572,,,
2008,6,3.25,2.9950380952380953,3.0,3.76,3.427619047619048,4.13047619047619,145.02727272727273,117.6,126.25172413793103,81.52088703333334,,1708443.0,498583.0,1207568.0,5107.3,-1163.3,9619.9,,,,8144055.0,4759175.0,4923270.176470588,62.50909090909091,67.07272727272726,6.909090909090909,,,,1582083.3333333333,13366879.333333334,16841874.0,2687304.0,1727777.0,6511416.428571428,,,,4278417.538461538,3321346.5,6423851.571428572,,,
2008,7,3.25,2.9985363636363633,3.0,3.7504545454545455,3.3795454545454544,4.102727272727273,144.86363636363637,118.0,126.77241379310344,86.54294037612904,,1716325.0,504051.0,1209374.0,5647.1,-1154.0,9412.3,,,,8171285.0,4892834.0,4925127.94117647,62.36363636363637,66.97272727272728,6.972727272727273,,,,1673632.6666666667,13650982.0,17223710.0,2780132.0,1786701.5454545454,6580455.928571428,,,,4610824.0,3925895.5,7060706.857142857,,,
2008,8,3.25,2.999715,3.0,3.5915,3.1035,4.034,145.72727272727272,118.5,127.44827586206895,76.57150336387096,,1715409.0,500185.0,1212832.0,5726.7,-1310.7,8687.3,,,,8220107.0,4691965.0,4892609.647058823,62.39090909090908,66.99090909090908,6.990909090909091,,,,1659634.0,13411478.666666666,16997594.0,2788356.0,1814926.3636363635,6544552.785714285,,,,4400402.0,3924880.5,6866674.142857143,,,
2008,9,3.25,2.9939714285714287,3.0,3.540952380952381,3.0223809523809524,4.025714285714285,145.47272727272727,119.0,126.86551724137932,82.91561653233333,,1716204.0,497714.0,1216399.0,3490.0,-1413.0,7610.7,,,,8235344.0,4716981.0,4926597.647058823,62.28181818181818,67.06363636363636,7.218181818181819,,,,1585870.6666666667,14038238.0,17668365.333333332,2803064.0,1813422.3636363635,6561845.214285715,,,,3951054.769230769,3700941.0,6240650.142857143,,,
2008,10,2.760869565217391,2.515290909090909,2.510869565217391,3.6681818181818184,2.860454545454546,4.172272727272728,145.15454545454546,119.4,127.10689655172412,75.99011279516128,,1714704.0,497259.0,1215038.0,2652.4,-1304.6,6199.7,,,,8434577.0,4285415.0,4836430.352941177,62.35454545454545,67.18181818181819,7.354545454545455,,,,1661364.6666666667,14215605.333333334,18072288.666666668,2842863.0,1819720.2727272727,6454057.214285715,,,,4310074.153846154,3754834.0,6652994.571428572,,,
2008,11,2.5,2.2456473684210523,2.25,3.571578947368421,2.6510526315789473,4.125263157894737,144.47272727272727,119.9,126.93793103448276,66.72046899466666,,1697771.0,489390.0,1206170.0,430.3,-1781.4,4411.2,,,,8377832.0,3602281.0,4689994.470588235,62.04545454545455,66.97272727272728,7.5,,,,1451666.6666666667,13476626.0,16767336.666666666,2798169.0,1792907.7272727273,6296724.785714285,,,,4576919.846153846,3543721.0,6887830.428571428,,,
2008,12,1.9456521739130437,1.7110380952380957,1.6956521739130437,2.9457142857142857,2.006666666666667,3.624761904761905,144.6818181818182,120.4,126.72758620689656,72.77830470967741,,1674768.0,473983.0,1199885.0,-1646.9,-1661.5,2585.0,,,,8372186.0,3200597.0,4505716.470588235,61.98181818181818,67.16363636363636,7.818181818181818,,,,1251356.6666666667,11556751.333333334,14391254.666666666,2488156.0,1683692.0,6077717.785714285,,,,5501453.692307692,4138417.0,8081246.285714285,,,
2009,1,1.5454545454545454,1.283395238095238,1.2954545454545454,2.8123809523809524,1.796190476190476,3.6266666666666665,144.44545454545457,120.6,126.53448275862068,70.18814426516128,,1666991.0,466648.0,1202049.0,-1735.5,-1363.9,2381.5,,,,8465487.0,3327967.0,4572002.647058823,61.52727272727272,66.89090909090909,8.145454545454545,,,,1359941.3333333333,11231164.0,13891602.666666666,2484047.0,1655106.7272727273,5813599.857142857,,,,5745379.846153846,4124444.0,8505620.142857144,,,
2009,2,1.25,0.9979,1.0,2.960526315789474,2.044736842105263,3.676842105263158,144.20909090909092,120.6,126.65172413793104,70.00602017214285,,1658505.0,458044.0,1202248.0,5.8,-1250.1,3219.7,,,,8441939.0,3402977.0,4585958.352941177,61.372727272727275,67.0909090909091,8.654545454545454,,,,1247732.0,11305416.666666666,13771316.0,2625645.0,1635375.4545454546,5785890.071428572,,,,5008089.538461538,3581867.0,7318878.0,,,
2009,3,0.7727272727272727,0.5153954545454545,0.5227272727272727,2.885909090909091,1.846363636363636,3.626818181818182,143.34545454545454,120.4,125.82413793103449,68.60908912967743,,1645177.0,447285.0,1199862.0,1138.3,-1080.6,3395.5,,,,8501099.0,3238291.0,4588373.588235294,61.25454545454545,67.01818181818182,8.727272727272727,,,,1344471.3333333333,12082888.666666666,14663735.333333334,2637602.0,1593817.6363636365,5759539.285714285,,,,5005508.153846154,3969068.5,7460462.142857143,,,
2009,4,0.6590909090909091,0.3998571428571428,0.4090909090909091,2.954285714285714,1.8942857142857144,3.698571428571429,142.9,120.1,125.12758620689657,72.89870979766667,,1639899.0,439569.0,1202495.0,-629.8,-999.2,2516.0,,,,8507132.0,3283575.0,4602304.05882353,60.96363636363637,66.87272727272727,8.936363636363636,,,,1398262.6666666667,11578445.333333334,14009171.333333334,2474365.0,1583082.6363636365,5771669.785714285,,,,4318001.692307692,3024915.5,6310588.142857143,,,
2009,5,0.5,0.24216,0.25,3.2020000000000004,2.1945,3.9325,142.3272727272727,119.3,124.96896551724136,71.12037601677419,,1638174.0,437345.0,1203010.0,-1493.1,-817.2,1651.4,,,,8492649.0,3332904.0,4655038.352941177,61.08181818181818,67.00909090909092,8.981818181818182,,,,1409353.3333333333,11450214.666666666,13952708.666666666,2518345.0,1565458.6363636365,5753904.928571428,,,,4356315.692307692,2413734.0,6156070.714285715,,,
2009,6,0.5,0.2441227272727273,0.25,3.459090909090909,2.5904545454545453,3.9545454545454546,142.33636363636364,118.7,125.0206896551724,78.46468382566667,,1639999.0,436583.0,1205597.0,139.8,-717.5,3257.2,,,,8514324.0,3592753.0,4708825.764705882,61.07272727272727,67.0909090909091,9.1,,,,1369078.0,12079825.333333334,14626252.0,2602079.0,1722919.1,5826605.214285715,,,,4095629.384615385,3359068.0,6076749.142857143,,,
2009,7,0.5,0.2411863636363636,0.25,3.429090909090909,2.5290909090909093,3.957727272727273,142.28181818181818,117.9,124.6,79.46651839451613,,1642487.0,436530.0,1208143.0,-733.8,-628.4,2469.9,,,,8462077.0,3439459.0,4714105.705882353,60.9,67.01818181818182,9.263636363636364,,,,1428169.3333333333,11212626.0,13776968.666666666,2539102.0,1541807.181818182,5994643.071428572,,,,4268070.923076923,3765434.5,6420539.571428572,,,
2009,8,0.5,0.23976,0.25,3.4645,2.6075,3.9525,142.26363636363635,117.2,124.7896551724138,74.76172340999999,,1641555.0,436267.0,1207454.0,-1520.0,-899.1,2617.1,,,,8406519.0,3584102.0,4743955.529411765,60.9,66.94545454545454,9.163636363636364,,,,1358484.6666666667,11376600.666666666,13984824.666666666,2583574.0,1652980.2,5946064.428571428,,,,4313856.307692308,3896161.5,6574485.0,,,
2009,9,0.5,0.2394809523809523,0.25,3.365714285714286,2.596190476190476,3.89,142.28181818181818,116.4,124.9103448275862,81.14360054000001,,1653564.0,443698.0,1211815.0,-773.3,-1012.0,2250.9,,,,8510678.0,3666551.0,4786504.882352941,60.96363636363637,66.77272727272727,8.799999999999999,,,,1428610.0,12153516.0,14797966.666666666,2564606.0,1674339.5,5954790.714285715,,,,3966043.076923077,3565376.5,6075726.857142857,,,
2009,10,0.5,0.2413333333333333,0.25,3.4252380952380954,2.7057142857142855,3.926190476190477,142.77272727272728,115.7,124.87586206896552,80.41232409064516,,1654908.0,444584.0,1212320.0,405.2,-955.7,3633.0,,,,8455349.0,3643890.0,4809261.05882353,61.054545454545455,66.96363636363637,8.936363636363636,,,,1490144.0,13143345.333333334,15935419.333333334,2655555.0,1534390.4545454546,5988956.142857143,,,,4655555.538461538,3350434.0,6765309.571428572,,,
2009,11,0.5,0.242805,0.25,3.3924999999999996,2.591,3.938,143.06363636363636,115.1,125.24827586206897,78.75391917333333,,1664123.0,450652.0,1215371.0,-290.7,-1039.8,3170.9,,,,8448170.0,3772405.0,4760997.0,61.3,67.10909090909091,8.790909090909091,,,,1404414.0,12597720.666666666,15340683.333333334,2690575.0,1534273.0,6153620.357142857,,,,4558146.923076923,3444915.0,6687754.142857143,,,
2009,12,0.5,0.2430904761904762,0.25,3.416190476190476,2.575714285714286,3.993809523809524,143.58181818181816,114.5,125.10689655172412,84.12002236580645,,1668363.0,450132.0,1220380.0,-731.1,-1027.7,3903.6,,,,8460337.0,3823311.0,4843923.823529412,61.054545454545455,66.89999999999999,8.836363636363636,,,,1307397.3333333333,11697532.0,14356170.0,2680242.0,1551147.9090909092,6192552.142857143,,,,5537671.076923077,4155148.5,8147890.714285715,,,
2010,1,0.5,0.244385,0.25,3.4850000000000003,2.6,4.0485,144.04545454545453,114.0,125.68620689655172,77.80267216064516,,1678021.0,456575.0,1223768.0,434.6,-1058.3,3835.9,,,,8552874.0,3975450.0,4895713.529411765,60.98181818181818,66.67272727272729,8.654545454545454,,,,1347013.3333333333,11883392.666666666,14654270.666666666,2598676.0,1569234.0,6233604.142857143,,,,5819059.692307692,3838609.0,8382727.428571428,,,
2010,2,0.5,0.2442947368421053,0.25,3.4236842105263157,2.498421052631579,4.034736842105263,144.60909090909092,113.6,125.54137931034482,81.34625264821429,,1686248.0,462788.0,1225523.0,106.1,-916.7,3413.1,,,,8577314.0,3933515.0,4887473.117647059,61.04545454545455,66.68181818181819,8.572727272727272,,,,1280781.3333333333,11835490.666666666,14555840.666666666,2660454.0,1516414.2727272727,6207152.714285715,,,,5135800.923076923,3531973.5,7408568.0,,,
2010,3,0.5,0.2445391304347826,0.25,3.4904347826086957,2.773913043478261,4.059565217391304,144.97272727272727,113.2,125.52758620689656,87.37826677612902,,1694010.0,466747.0,1229139.0,-1205.5,-1085.8,3362.0,,,,8592361.0,3998577.0,5005682.588235294,61.07272727272727,66.82727272727273,8.700000000000001,,,,1490894.6666666667,13782446.666666666,16985620.666666668,2741899.0,1564156.5454545454,6231706.642857143,,,,4977919.846153846,3684573.5,7304267.0,,,
2010,4,0.5,0.2472809523809523,0.25,3.67,3.0719047619047624,4.069523809523809,145.54545454545453,112.8,125.84137931034483,88.006704816,,1691697.0,465764.0,1227749.0,150.4,-693.1,3270.0,,,,8698346.0,3976688.0,4934177.647058823,61.21818181818182,66.81818181818181,8.481818181818182,,,,1503949.3333333333,13440891.333333334,16444796.0,2682935.0,1562032.0909090908,6254309.857142857,,,,4338158.461538462,3077256.0,6319701.142857143,,,
2010,5,0.5,0.2456999999999999,0.25,3.4455,2.76,3.836,146.4181818181818,112.8,126.16206896551724,79.15470830709678,,1698996.0,472436.0,1227830.0,-810.7,-1222.9,3112.4,,,,8660283.0,3910303.0,4894226.294117647,61.2,66.87272727272727,8.563636363636364,,,,1562362.6666666667,13629362.0,16804067.333333332,2784412.0,1602025.4545454546,6226788.714285715,,,,4063450.769230769,2796808.5,6093322.714285715,,,
2010,6,0.75,0.4918909090909091,0.5,3.2977272727272724,2.5995454545454546,3.7404545454545457,147.24545454545455,112.8,126.59310344827584,86.04252072933333,,1703350.0,474980.0,1229368.0,-1350.4,-1214.2,2885.9,,,,8714829.0,3923094.0,4929006.470588235,61.190909090909095,66.96363636363637,8.718181818181819,,,,1577248.0,12954332.0,16232138.0,2766164.0,1588414.0909090908,6243181.928571428,,,,3925573.230769231,3216847.5,6076304.285714285,,,
2010,7,0.8522727272727273,0.6003857142857143,0.6022727272727273,3.185238095238095,2.4252380952380954,3.735238095238095,147.70909090909092,112.9,127.20344827586209,82.24181027290324,,1705789.0,475103.0,1231558.0,-2027.8,-1178.9,2230.3,,,,8747816.0,3942405.0,4933613.117647059,61.25454545454545,67.02727272727272,8.709090909090909,,,,1546996.0,13294102.0,16464913.333333334,2798868.0,1570125.181818182,6185410.0,,,,4079100.0,3464987.5,6471183.142857143,,,
2010,8,1.0,0.7487333333333334,0.75,2.9495238095238094,2.1704761904761902,3.564285714285714,147.74545454545455,112.7,127.24827586206897,82.22546449741937,,1711006.0,475221.0,1236611.0,-1725.4,-1345.0,2924.4,,,,8753978.0,3983911.0,4948238.94117647,61.36363636363637,67.10000000000001,8.645454545454545,,,,1611570.0,13417666.0,16707486.666666666,2950474.0,1643267.4545454546,6286522.357142857,,,,3784683.384615385,3712415.0,6236453.714285715,,,
2010,9,1.193181818181818,0.9511714285714286,0.9431818181818182,2.8814285714285717,2.157142857142857,3.4752380952380952,147.88181818181818,112.6,127.10689655172412,85.38906629466666,,1710945.0,472923.0,1238888.0,-2284.9,-1208.4,1611.9,,,,8766934.0,3990394.0,4960633.294117647,61.23636363636364,67.12727272727273,8.845454545454546,,,,1549443.3333333333,12956914.0,16185829.333333334,2933463.0,1665770.2727272727,6350899.714285715,,,,3426543.6923076925,3775692.0,5701978.285714285,,,
2010,10,1.25,0.998505,1.0,2.766,1.955,3.437,147.86363636363637,112.2,128.0344827586207,79.3727160132258,,1719924.0,477221.0,1243284.0,-1134.4,-1130.1,2150.2,,,,8711004.0,4241167.0,4997120.529411765,61.1,66.91818181818182,8.80909090909091,,,,1586304.0,13844706.0,17179504.666666668,2844657.0,1632075.181818182,6355369.142857143,,,,3872544.153846154,3752948.0,6141278.285714285,,,
2010,11,1.25,0.9986619047619048,1.0,3.0223809523809524,2.2561904761904765,3.5742857142857143,147.93636363636364,112.0,127.8896551724138,86.54336301100001,,1728219.0,478823.0,1249916.0,-466.6,-780.0,2950.9,,,,8820192.0,4425571.0,5091833.235294118,61.03636363636363,66.76363636363637,8.700000000000001,,,,1507359.3333333333,13473831.333333334,16570363.333333334,2848786.0,1668186.181818182,6412774.214285715,,,,4520431.538461538,3478126.5,6791117.428571428,,,
2010,12,1.25,0.9971714285714286,1.0,3.2047619047619045,2.4504761904761905,3.6204761904761904,148.48181818181817,111.6,128.32758620689654,88.31927035354839,,1740477.0,485476.0,1255133.0,1162.9,-410.6,3928.2,,,,8642178.0,4597100.0,5077441.94117647,60.99090909090909,66.72727272727273,8.681818181818182,,,,1423638.6666666667,12410541.333333334,15439306.0,2929853.0,1700613.0909090908,6479460.857142857,,,,5505634.0,4279707.5,8038768.142857143,,,
2011,1,1.25,0.99239,1.0,3.253,2.5315000000000003,3.685,148.5818181818182,111.3,128.62413793103448,81.5358623367742,,1746417.0,485769.0,1260906.0,787.6,-1009.8,4164.1,,,,8696616.0,4616758.0,5065735.0,61.41818181818182,66.89090909090909,8.263636363636364,,,,1377091.3333333333,12476245.333333334,15498295.333333334,2881716.0,1691684.4545454546,6630084.642857143,,,,5818694.923076923,4379837.0,8388260.714285715,,,
2011,2,1.25,0.9936052631578948,1.0,3.417368421052632,2.6973684210526314,3.7994736842105263,148.8090909090909,110.9,128.93103448275863,86.27575249107143,,1743481.0,484200.0,1259550.0,-5.0,-1185.1,4188.4,,,,8723462.0,4604308.0,5081734.05882353,61.345454545454544,66.89999999999999,8.409090909090908,,,,1369814.6666666667,11924785.333333334,15018264.0,2856560.0,1700419.5454545454,6503506.571428572,,,,5218670.307692308,3627946.5,7430525.142857143,,,
2011,3,1.25,0.9941434782608696,1.0,3.266521739130434,2.6447826086956523,3.7360869565217394,149.35454545454547,110.7,128.9586206896552,90.32205678419356,,1749013.0,488344.0,1260614.0,-940.3,-905.9,3805.3,,,,8752602.0,4819060.0,5107680.05882353,61.43636363636363,66.89999999999999,8.272727272727273,,,,1518871.3333333333,14331206.0,17858115.333333332,2948400.0,1746372.4545454546,6583157.071428572,,,,5358661.692307692,3868562.5,7673325.857142857,,,
2011,4,1.25,0.99646,1.0,3.3280000000000003,2.7255,3.7595,149.54545454545453,110.4,129.8551724137931,86.59409990166667,,1749342.0,489436.0,1259767.0,-186.1,-1124.9,4309.7,,,,8748434.0,4843091.0,5144320.94117647,61.45454545454545,66.89090909090909,8.209090909090909,,,,1524118.0,14433044.0,17830538.0,2895825.0,1753684.4545454546,6539498.785714285,,,,5003491.333333333,3596489.5,6663895.857142857,,,
2011,5,1.25,0.9965333333333332,1.0,3.151904761904762,2.474285714285714,3.5719047619047624,149.63636363636363,110.7,129.52068965517242,86.79246999419355,,1745554.0,483028.0,1263189.0,-1036.3,-978.7,3746.4,,,,8583495.0,4870858.0,5120606.588235294,61.26363636363636,66.73636363636363,8.299999999999999,,,,1560296.0,14010713.333333334,17487798.0,2802048.0,1763085.3636363635,6588842.714285715,,,,4889783.166666667,3693358.0,6498520.428571428,,,
2011,6,1.25,0.997581818181818,1.0,2.987727272727273,2.205909090909091,3.4563636363636365,150.01818181818183,110.7,129.7448275862069,88.869545606,,1753173.0,486656.0,1267224.0,-1066.0,-799.9,3768.3,,,,8698966.0,4780320.0,5172782.470588235,61.28181818181818,66.66363636363636,8.181818181818182,,,,1562996.6666666667,13551927.333333334,16989041.333333332,2824639.0,1746617.9090909092,6620632.571428572,,,,4589653.333333333,3491381.5,6158995.428571428,,,
2011,7,1.25,0.998455,1.0,2.9385000000000003,2.198,3.3979999999999997,150.24545454545455,110.8,130.35862068965517,83.87291893870967,,1765092.0,494154.0,1271444.0,204.5,-942.5,3960.4,,,,8780427.0,4796367.0,5142648.352941177,61.36363636363637,66.7909090909091,8.19090909090909,,,,1554833.3333333333,13654610.666666666,17276804.0,2999768.0,1825123.818181818,6736551.142857143,,,,4929419.166666667,3907575.0,6839178.142857143,,,
2011,8,1.25,1.0002681818181818,1.0,2.4463636363636363,1.5786363636363634,3.066818181818182,150.4090909090909,110.8,130.63793103448276,89.35530075225807,,1773823.0,499857.0,1274406.0,264.4,-765.9,3046.3,,,,8752492.0,4832276.0,5154274.117647059,61.290909090909096,66.63636363636364,8.090909090909092,,,,1616198.0,14721330.666666666,18653284.666666668,2820799.0,1799917.4545454546,6731558.5,,,,4815614.833333333,4123038.0,6737922.714285715,,,
2011,9,1.25,0.998304761904762,1.0,2.1966666666666668,1.4304761904761905,2.8461904761904764,150.60909090909092,110.6,130.1448275862069,87.14575841033334,,1778505.0,502774.0,1276422.0,1145.1,-618.1,3923.5,,,,8751851.0,4854885.0,5192819.352941177,61.345454545454544,66.73636363636363,8.172727272727274,,,,1611045.3333333333,14598298.666666666,18403087.333333332,2751353.0,1794721.0909090908,6828916.428571428,,,,4369072.833333333,3783425.0,6185750.285714285,,,
2011,10,1.25,1.00045,1.0,2.2960000000000003,1.5335,2.9055,150.97272727272727,110.7,131.06206896551726,79.10149592064515,,1778220.0,500222.0,1279234.0,-792.9,-813.7,3691.7,,,,8747341.0,4906439.0,5231403.94117647,61.24545454545455,66.62727272727273,8.172727272727274,,,,1588804.0,15003984.666666666,18922997.333333332,2846592.0,1830437.2727272727,6889240.5,,,,4640716.833333333,3605259.5,6437230.142857143,,,
2011,11,1.25,0.9998380952380952,1.0,2.1223809523809525,1.3942857142857144,2.7333333333333334,151.04545454545453,110.8,130.97931034482758,85.391446095,,1780181.0,500130.0,1281446.0,625.7,-785.3,4719.8,,,,8784931.0,4959143.0,5242347.588235294,61.25454545454545,66.63636363636364,8.154545454545454,,,,1599326.6666666667,14593279.333333334,18142106.666666668,2932954.0,1844353.0909090908,6834530.285714285,,,,5077868.666666667,3149602.5,6787991.571428572,,,
2011,12,1.25,0.99917,1.0,1.992,1.281,2.5595,151.43636363636364,110.8,131.61724137931034,83.08173709225807,,1788771.0,504861.0,1284949.0,2189.5,-648.1,5160.3,,,,8886089.0,4867167.0,5309361.588235294,61.445454545454545,66.7,8.0,,,,1470246.0,13908321.333333334,17212872.666666668,3109854.0,1878687.4545454544,6951347.642857143,,,,6051755.833333333,3790697.5,7834234.0,,,
2012,1,1.25,0.9984619047619048,1.0,1.98,1.308095238095238,2.5614285714285714,151.56363636363636,110.8,131.86206896551724,83.92902100580646,,1787361.0,504205.0,1284193.0,15.8,-782.7,4390.4,,,,8806325.0,4850070.0,5286221.294117647,61.22727272727273,66.68181818181819,8.30909090909091,,,,1488760.6666666667,13151098.666666666,16593939.333333334,3005621.0,1708601.3333333333,6871128.071428572,,,,6349824.0,3792321.0,8300576.428571428,,,
2012,2,1.25,0.998625,1.0,2.021,1.4015,2.6125,151.5090909090909,110.8,131.7206896551724,86.78217898448275,,1782919.0,497917.0,1286419.0,57.5,-833.7,4543.3,,,,8804803.0,4934016.0,5269516.647058823,61.07272727272727,66.39999999999999,8.10909090909091,,,,1488788.6666666667,13401212.0,16942656.0,3086286.0,1725125.75,6945752.714285715,,,,5609359.5,3344823.5,7419249.428571428,,,
2012,3,1.25,0.9996909090909092,1.0,2.106818181818182,1.5718181818181818,2.6677272727272725,151.9090909090909,110.7,131.5413793103448,85.51845219096775,,1787629.0,499798.0,1288933.0,-1096.7,-1014.6,3675.9,,,,8852957.0,4977819.0,5315583.411764706,61.16363636363636,66.39090909090909,8.0,,,,1668284.0,14021189.333333334,17837448.0,3086172.0,1721848.5,7030805.071428572,,,,5456991.0,3674486.0,7373487.571428572,,,
2012,4,1.25,1.00601,1.0,2.0645,1.6065,2.6165,152.1909090909091,110.3,131.64827586206897,84.45589885333334,,1794004.0,505218.0,1289315.0,-683.0,-984.7,3351.8,,,,8770338.0,5001427.0,5265872.588235294,61.64545454545455,66.96363636363637,8.018181818181818,,,,1648178.0,14211914.666666666,18134292.0,3135520.0,1893517.9090909092,7039111.714285715,,,,4982853.333333333,3378445.0,6631140.285714285,,,
2012,5,1.25,1.0008181818181818,1.0,1.9222727272727271,1.4395454545454545,2.455,152.48181818181817,110.0,131.3310344827586,88.24739581,,1797035.0,505103.0,1292374.0,-1325.3,-762.4,2845.3,,,,8896655.0,4940936.0,5256520.470588235,61.57272727272727,66.93636363636364,8.10909090909091,,,,1601885.3333333333,13385433.333333334,17286955.333333332,3225343.0,1901901.3636363635,7001667.071428572,,,,4875476.166666667,3708268.5,6561804.857142857,,,
2012,6,1.25,1.000804761904762,1.0,1.7476190476190478,1.230952380952381,2.3257142857142856,152.58181818181816,109.6,131.65862068965518,82.06342676766667,,1798097.0,503637.0,1294932.0,-2273.6,-987.4,2101.8,,,,8956519.0,4822239.0,5258672.94117647,61.48181818181818,66.89090909090909,8.172727272727274,,,,1728042.6666666667,14098347.333333334,18108127.333333332,3384218.0,1974758.7272727273,7083870.214285715,,,,4645066.833333333,3847509.5,6373496.857142857,,,
2012,7,1.25,0.9990666666666668,1.0,1.6561904761904762,1.1976190476190476,2.2657142857142856,152.85454545454547,109.2,131.92758620689656,84.36425291064516,,1801767.0,503136.0,1299123.0,-2973.4,-900.7,2089.4,,,,8914289.0,4805428.0,5263357.705882353,61.51818181818182,66.82727272727273,8.036363636363637,,,,1642858.6666666667,14271448.0,18318722.666666668,3255360.0,1926434.7272727273,7035790.714285715,,,,5075834.333333333,4176267.0,6975003.428571428,,,
2012,8,1.25,1.0021,1.0,1.8268181818181817,1.3990909090909092,2.377727272727273,153.13636363636363,108.8,132.1551724137931,89.97201959903225,,1799507.0,500559.0,1299549.0,-1016.5,-854.7,3640.3,,,,8921091.0,4988652.0,5272662.05882353,61.59090909090909,67.0909090909091,8.272727272727273,,,,1683040.0,14575948.0,18609444.666666668,3179788.0,1921497.4545454544,7012420.214285715,,,,5013090.833333333,3821508.0,6877823.857142857,,,
2012,9,1.25,1.0006842105263158,1.0,1.8378947368421052,1.3852631578947368,2.416315789473684,153.3272727272727,108.2,132.05172413793105,81.54728906400001,,1799362.0,500297.0,1299620.0,-986.0,-856.2,3187.2,,,,8944648.0,5081368.0,5288090.529411765,61.64545454545455,67.02727272727272,8.136363636363637,,,,1584886.6666666667,14271418.0,18001878.0,3186025.0,1915193.9090909092,6947085.214285715,,,,4497245.0,3373602.5,6239449.857142857,,,
2012,10,1.25,1.0011545454545454,1.0,1.8118181818181816,1.36,2.4045454545454543,153.5,107.8,132.6,89.96614656290323,,1798607.0,501969.0,1296990.0,-314.3,-465.2,3107.1,,,,8922282.0,5102510.0,5315738.0,61.68181818181818,67.0909090909091,8.154545454545454,,,,1694944.0,15262782.0,19078202.0,3135567.0,1891581.9090909092,6968598.857142857,,,,4940142.166666667,3945883.0,6880483.285714285,,,
2012,11,1.25,1.0000619047619048,1.0,1.738095238095238,1.3190476190476192,2.328095238095238,153.76363636363635,107.5,132.6206896551724,88.236629975,,1807197.0,506501.0,1300799.0,-1605.2,-1305.3,4267.7,,,,8967330.0,4968501.0,5309880.705882353,61.66363636363636,67.04545454545455,8.118181818181817,,,,1668378.0,14444766.666666666,18274514.666666668,3406695.0,1959771.818181818,7038864.785714285,,,,5392628.166666667,4225244.0,7375132.0,,,
2012,12,1.25,1.000363157894737,1.0,1.7678947368421054,1.3373684210526315,2.3542105263157893,153.92727272727274,106.8,132.68275862068967,82.0348355383871,,1807020.0,506342.0,1300813.0,-332.4,-836.5,4029.5,,,,9015939.0,4891258.0,5288716.117647059,61.79090909090908,67.05454545454546,7.945454545454546,,,,1491225.3333333333,13937238.0,17332965.333333332,3079658.0,1879128.7272727273,7003415.071428572,,,,5888203.166666667,4203702.0,7974495.571428572,,,
2013,1,1.25,1.0018954545454546,1.0,1.9313636363636364,1.465,2.5004545454545455,153.95454545454547,106.2,132.9758620689655,89.78002508451613,,1817341.0,510184.0,1307209.0,-812.5,-666.8,3871.4,,,,9040942.0,4968493.0,5347495.470588235,61.790909090909096,67.05454545454546,7.9363636363636365,,,,1633128.6666666667,13861848.0,17317275.333333332,3374348.0,1925990.9090909092,7053654.0,,,,6503751.833333333,4235245.5,8561632.0,,,
2013,2,1.25,1.004578947368421,1.0,1.9678947368421056,1.4363157894736842,2.593157894736842,154.20909090909092,106.1,133.25172413793103,85.19550871392858,,1822625.0,514865.0,1307658.0,-626.7,-613.2,3945.2,,,,9037944.0,5092463.0,5383246.529411765,61.90909090909091,67.18181818181819,7.890909090909091,,,,1535274.0,13529405.333333334,16985419.333333332,3176059.0,1922329.6363636365,7074586.214285715,,,,5839649.5,3621620.5,7621572.428571428,,,
2013,3,1.25,1.00565,1.0,1.8515,1.334,2.553,154.72727272727272,106.3,133.3551724137931,79.94315192580645,,1828781.0,517607.0,1311102.0,-100.3,-504.9,3545.4,,,,8964411.0,5089124.0,5404640.94117647,61.74545454545455,67.0909090909091,8.018181818181818,,,,1612177.3333333333,14928327.333333334,18888306.666666668,3190200.0,1907509.0,7096776.5,,,,5964848.833333333,3655381.5,7751948.571428572,,,
2013,4,1.25,1.004440909090909,1.0,1.7486363636363635,1.210909090909091,2.395,155.79999999999998,105.6,133.70344827586206,86.99931149133334,,1831872.0,517140.0,1314947.0,-84.3,-731.5,4391.1,,,,8974127.0,4852598.0,5379413.176470588,61.72727272727273,67.01818181818182,7.972727272727273,,,,1712648.6666666667,16355140.666666666,20197711.333333332,3462090.0,1939668.4545454544,7049537.428571428,,,,5112740.166666667,3650941.0,6872063.142857143,,,
2013,5,1.25,1.0043409090909092,1.0,1.9018181818181816,1.34,2.5254545454545454,156.34545454545454,105.5,133.6448275862069,88.08452645870968,,1836789.0,517243.0,1319967.0,-740.8,-836.4,3252.1,,,,9035856.0,4979441.0,5471810.0,61.77272727272727,66.93636363636364,7.809090909090909,,,,1801702.0,15622214.0,19553844.666666668,3453552.0,1939090.0909090908,7111243.357142857,,,,4920576.333333333,3648081.0,6599584.857142857,,,
2013,6,1.25,1.010085,1.0,2.2445,1.6344999999999998,2.764,156.9,105.4,133.90344827586208,78.10814143600001,,1830069.0,512949.0,1317802.0,-367.3,-1024.0,3735.4,,,,8858409.0,5031674.0,5426536.764705882,61.72727272727273,66.86363636363636,7.754545454545454,,,,1635944.6666666667,13933816.0,17837537.333333332,3352156.0,1919402.181818182,6958456.428571428,,,,4810579.666666667,3969587.0,6540591.714285715,,,
2013,7,1.25,1.0064681818181818,1.0,2.438181818181818,1.741818181818182,2.928181818181818,157.10909090909092,105.0,134.08275862068965,86.33466097677419,,1840589.0,518207.0,1322871.0,-1575.5,-1041.8,3140.1,,,,8922699.0,5229920.0,5495704.470588235,61.58181818181818,66.7909090909091,7.881818181818182,,,,1711572.6666666667,14253097.333333334,18434649.333333332,3349724.0,1956439.9090909092,7101796.571428572,,,,4965722.833333333,4425959.5,6978342.428571428,,,
2013,8,1.25,0.9986142857142856,1.0,2.6114285714285717,1.873809523809524,3.0914285714285716,157.39090909090908,104.9,134.17241379310346,82.34100372741935,,1848660.0,522006.0,1326983.0,-726.8,-987.5,4526.9,,,,9074727.0,5244947.0,5541946.411764706,61.563636363636355,66.69090909090909,7.745454545454546,,,,1728582.6666666667,14737047.333333334,19062112.666666668,3279824.0,1944904.4545454544,7128390.0,,,,4945444.833333333,4423419.0,6913875.0,,,
2013,9,1.25,0.99782,1.0,2.698,2.032,3.1935,157.5090909090909,105.0,134.49310344827586,81.665192343,,1854965.0,525081.0,1330059.0,43.0,-875.7,4543.6,,,,9008829.0,5216657.0,5525626.647058823,61.40909090909091,66.5,7.736363636363635,,,,1656378.0,15486527.333333334,19588116.666666668,3324334.0,1934194.3636363635,7142449.571428572,,,,4537478.333333333,4102307.0,6389916.285714285,,,
2013,10,1.25,0.9991272727272726,1.0,2.518181818181818,1.820454545454545,3.0854545454545454,157.54545454545453,105.0,134.91724137931035,86.16458365645161,,1865044.0,529723.0,1335262.0,-301.6,-747.4,3575.0,,,,9170139.0,5199063.0,5540717.176470588,61.372727272727275,66.54545454545455,7.872727272727272,,,,1808213.3333333333,16464402.666666666,20747067.333333332,3474763.0,1949482.5454545456,7214226.142857143,,,,4883432.5,4066720.5,6818279.857142857,,,
2013,11,1.25,1.00199,1.0,2.5585,1.773,3.1275,157.70909090909092,105.2,135.42758620689656,80.49679799933332,,1869704.0,529164.0,1340563.0,-1199.2,-843.9,2556.1,,,,9012942.0,5280430.0,5546426.94117647,61.25454545454545,66.50909090909092,7.963636363636363,,,,1731477.3333333333,15830424.0,19787779.333333332,3659812.0,1999028.181818182,7215626.214285715,,,,5545371.833333333,4236676.5,7567016.571428572,,,
2013,12,1.25,1.001315,1.0,2.6735,1.833,3.216,157.79090909090908,105.4,135.67931034482757,80.45653000548387,,1862085.0,523749.0,1338482.0,-750.7,-1040.0,3730.4,,,,9024663.0,5378235.0,5550758.05882353,61.33636363636364,66.62727272727273,8.018181818181818,,,,1534624.6666666667,13654172.0,17335581.333333332,3319133.0,1956571.4545454544,7145792.5,,,,6520763.166666667,4449673.5,8628686.857142856,,,
2014,1,1.25,0.9997454545454544,1.0,2.534090909090909,1.725,3.075909090909091,157.8181818181818,105.6,136.39310344827587,81.97432732387097,,1863016.0,524256.0,1338723.0,-791.3,-1208.5,3900.4,,,,9112971.0,5561975.0,5600502.529411765,61.3,66.50909090909092,7.9,,,,1641785.3333333333,13862509.333333334,17694753.333333332,3458342.0,1941553.6363636365,7169276.071428572,1435.59,,1847.93,6536491.333333333,5791662.666666667,8607292.714285715,,,
2014,2,1.25,0.998157894736842,1.0,2.4200000000000004,1.6205263157894736,3.0026315789473683,158.0909090909091,105.6,136.66551724137932,77.94582523035714,,1872372.0,530386.0,1341741.0,648.5,-1319.2,4739.5,,,,9147211.0,5697181.0,5639000.117647059,61.209090909090904,66.41818181818182,7.918181818181818,,,,1638126.0,13025890.0,16633472.0,3525551.0,1987224.0,7334527.071428572,1201.2,,2007.14,5866984.166666667,5018541.333333333,7650486.142857143,,,
2014,3,1.25,0.9964809523809524,1.0,2.454285714285714,1.674761904761905,2.968095238095238,158.3090909090909,105.7,137.37586206896552,73.49273859870968,,1877319.0,531705.0,1345507.0,1592.7,-1263.2,5261.8,,,,9138829.0,5599394.0,5633583.882352941,61.28181818181818,66.42727272727272,7.8,,,,1754896.6666666667,15501487.333333334,19509482.666666668,3420642.0,1977470.0,7336639.857142857,1327.9636363636364,,2220.57,5978262.666666667,5623018.666666667,7979253.0,,,
2014,4,1.25,0.9981714285714286,1.0,2.444761904761905,1.6995238095238094,2.96,158.4181818181818,105.8,137.44137931034484,80.387283502,,1881089.0,534836.0,1346028.0,385.1,-1298.1,4845.3,,,,9299533.0,5533195.0,5703860.117647059,61.06363636363637,66.2,7.836363636363637,,,,1861129.3333333333,15774544.0,19966910.666666668,3471375.0,1988559.2727272727,7365166.714285715,1477.74,,2256.43,5037596.166666667,4932190.666666667,6806962.428571428,,,
2014,5,1.25,0.9974714285714286,1.0,2.315238095238095,1.587142857142857,2.8495238095238093,158.5090909090909,105.7,137.50344827586207,78.47883372032258,,1892936.0,539687.0,1352953.0,644.3,-1332.5,5155.5,,,,8989857.0,5457931.0,5718605.352941177,61.03636363636363,66.32727272727273,8.045454545454545,,,,1925643.3333333333,17107707.333333332,21580394.0,3493295.0,2022573.818181818,7553412.571428572,1373.8300000000002,,2115.55,4748698.5,4993279.333333333,6463000.571428572,,,
2014,6,1.25,0.9998714285714284,1.0,2.2985714285714285,1.5790476190476193,2.8304761904761904,158.75454545454545,105.5,137.12758620689655,77.94401821699999,,1901582.0,543859.0,1357318.0,1715.5,-1071.9,4513.4,,,,9363347.0,5481930.0,5783085.0,61.063636363636355,66.14545454545454,7.781818181818181,,,,1765834.6666666667,16450962.0,20372642.0,3439885.0,2022470.2727272727,7565172.5,1397.91,,1954.31,4543449.166666667,5300265.333333333,6308046.142857143,,,
2014,7,1.25,1.0001272727272728,1.0,2.194545454545455,1.5195454545454543,2.74,158.79999999999998,105.3,137.65862068965518,83.32207775258065,,1904231.0,542469.0,1361641.0,1766.0,-978.9,4653.4,,,,9337652.0,5450465.0,5812498.470588235,61.11818181818182,66.07272727272726,7.627272727272726,,,,1876899.3333333333,15824235.333333334,20030156.0,3402928.0,1991380.0909090908,7529943.571428572,1402.31,,1878.11,4718352.333333333,5855951.333333333,6674070.0,,,
2014,8,1.25,1.0001799999999998,1.0,2.0620000000000003,1.511,2.62,158.76363636363638,104.9,137.43448275862067,74.96336850290324,,1900243.0,535966.0,1364647.0,991.6,-1115.1,4681.8,,,,9273352.0,5357398.0,5805358.411764706,61.01818181818182,66.05454545454546,7.736363636363635,,,,1833085.3333333333,15561347.333333334,19638183.333333332,3678845.0,2072907.0,7570518.642857143,1326.39,,1810.84,4779934.0,6049086.0,6778299.142857143,,,
2014,9,1.25,0.9993333333333334,1.0,2.1809523809523808,1.6485714285714284,2.7104761904761907,158.8272727272727,104.8,137.49655172413793,81.056735821,,1907853.0,542208.0,1365603.0,670.5,-1221.8,4037.9,,,,9422361.0,5388041.0,5837805.411764706,61.01818181818182,66.04545454545455,7.690909090909091,,,,1799672.6666666667,15482632.0,19565117.333333332,3727481.0,2115251.4545454546,7767180.428571428,1297.2818181818182,,1625.7818181818182,4397577.0,6009362.0,6387917.285714285,,,
2014,10,1.25,1.0006727272727274,1.0,2.0104545454545453,1.492727272727273,2.553181818181818,158.71818181818182,104.8,137.96896551724137,80.73169818838709,,1913336.0,546127.0,1366919.0,-122.1,-1392.3,3401.4,,,,9521143.0,5211731.0,5834337.823529412,61.17272727272727,66.10909090909091,7.536363636363637,,,,1861687.3333333333,16682013.333333334,20814688.0,3589192.0,2089075.818181818,7698525.642857143,1367.3545454545454,,1607.3363636363638,4418125.333333333,5725842.666666667,6433361.0,,,
2014,11,1.25,1.0021526315789473,1.0,2.0031578947368422,1.5010526315789474,2.5589473684210526,158.86363636363637,104.7,137.75172413793103,72.24698432033333,,1914595.0,546021.0,1368271.0,-724.3,-1518.0,3174.8,,,,9495669.0,5133753.0,5822255.705882353,61.16363636363637,66.06363636363636,7.472727272727273,,,,1696469.3333333333,14614896.666666666,18374646.0,3382102.0,2005625.3636363635,7608240.142857143,1218.209090909091,,1608.9727272727273,5324431.666666667,5869939.333333333,7382732.857142857,,,
2014,12,1.25,1.0046095238095238,1.0,1.851904761904762,1.39,2.3904761904761904,158.9090909090909,104.7,137.77241379310345,79.3410547016129,,1917540.0,546868.0,1370249.0,-1199.7,-1383.7,2600.5,,,,9607218.0,4763417.0,5831271.05882353,61.16363636363636,66.08181818181818,7.527272727272727,,,,1745576.0,15400798.666666666,19329465.333333332,3709584.0,2029024.0,7922052.428571428,1180.1909090909091,,1603.0181818181818,6168215.166666667,6111592.666666667,8232200.285714285,,,
2015,1,1.1590909090909092,0.9082,0.9090909090909092,1.5257142857142856,1.0080952380952382,2.09952380952381,158.94545454545454,104.8,137.63103448275862,72.91447070580645,,1909565.0,542609.0,1367321.0,-2357.2,-1755.8,2134.0,,,,9388620.0,4434309.0,5643103.235294118,61.209090909090904,66.24545454545455,7.645454545454546,,,,1706634.0,14603254.666666666,18326822.666666668,3583107.0,2046776.2727272727,7616062.214285715,1270.790909090909,,1686.6818181818182,6699269.5,6120414.666666667,8710966.285714285,,,
2015,2,1.0,0.7584263157894737,0.75,1.3794736842105264,0.7252631578947368,1.9984210526315789,158.9181818181818,104.9,137.64137931034483,71.16570240785714,,1906992.0,538444.0,1368878.0,-1655.0,-1358.4,2629.7,,,,9453208.0,4649289.0,5763045.823529412,61.14545454545455,66.2090909090909,7.718181818181819,,,,1618677.3333333333,13584136.666666666,17129298.0,3689577.0,2049037.2727272727,7677533.285714285,1382.26,,1751.909090909091,6050442.0,5538247.333333333,7900900.714285715,,,
2015,3,1.0,0.7570409090909092,0.75,1.4213636363636364,0.8263636363636363,2.049090909090909,159.03636363636363,105.0,138.0896551724138,70.48629436,,1905893.0,535146.0,1371092.0,-3323.5,-2456.1,2171.3,,,,9604461.0,4661817.0,5833519.176470588,61.16363636363636,66.33636363636364,7.890909090909091,,,,1912410.0,16406431.333333334,20575092.666666668,3631796.0,2015020.6363636365,7726250.214285715,1562.53,,1788.4,5893168.333333333,6153686.0,7896365.714285715,,,
2015,4,1.0,0.7505000000000001,0.75,1.4109523809523812,0.8333333333333334,2.041904761904762,158.86363636363637,104.9,137.75862068965515,74.43492998400001,,1905308.0,532254.0,1373404.0,-2310.1,-1028.5,2776.5,,,,9548020.0,4535708.0,5839516.705882353,60.97272727272728,66.2090909090909,7.981818181818181,,,,1913917.3333333333,16197927.333333334,20326370.666666668,3576455.0,2044098.0909090908,7857371.214285715,1414.8181818181818,,1835.4727272727273,5122624.333333333,5158254.0,6819740.571428572,,,
2015,5,1.0,0.734615,0.75,1.7440000000000002,1.0415,2.335,158.85454545454547,104.7,137.64827586206897,69.4742411148387,,1904276.0,532706.0,1371892.0,-2577.3,-1290.7,2415.9,,,,9544917.0,4682791.0,5883786.235294118,60.85454545454545,66.11818181818181,8.081818181818182,,,,1938736.0,16056286.0,20071781.333333332,3549467.0,2008827.9090909092,7749220.0,1319.4636363636362,,1800.409090909091,4694598.333333333,5323504.666666667,6365672.142857143,,,
2015,6,1.0,0.7446772727272727,0.75,1.7799999999999998,0.9736363636363636,2.3745454545454545,159.07272727272726,104.7,137.88620689655173,74.11909430733334,,1909478.0,533050.0,1376718.0,-340.0,-1171.5,4517.8,,,,9567212.0,4929635.0,5948287.94117647,60.9,66.10909090909091,7.927272727272728,,,,1843595.3333333333,16279334.0,20060332.0,3698023.0,2014038.4545454544,7825100.357142857,1410.909090909091,,1752.2545454545457,4595318.0,5389914.666666667,6334313.0,,,
2015,7,0.8586956521739131,0.6051318181818183,0.6086956521739131,1.5695454545454546,0.75,2.2363636363636363,159.1727272727273,103.9,138.10344827586206,72.37604682419355,,1914310.0,535165.0,1379419.0,-384.0,-1261.4,4089.9,,,,9613891.0,4928968.0,5992599.764705882,60.790909090909096,66.05454545454546,8.027272727272727,,,,1881410.0,16243933.333333334,20209203.333333332,3807607.0,2036756.4545454544,7833976.571428572,1473.3,,1766.1181818181817,4752721.833333333,5933344.666666667,6680849.857142857,,,
2015,8,0.75,0.50731,0.5,1.3915,0.7175,2.1065,159.4181818181818,103.6,138.22758620689655,64.62494068967742,,1918420.0,540272.0,1378355.0,-1537.3,-1369.9,3865.9,,,,9644095.0,4856552.0,6014088.705882353,60.872727272727275,66.08181818181818,7.963636363636365,,,,1864917.3333333333,16089126.0,20049113.333333332,3426820.0,1951812.181818182,7834719.642857143,1442.23,,1800.8363636363638,4673173.0,5785594.0,6650749.0,,,
2015,9,0.75,0.5008047619047619,0.5,1.481428571428571,0.7895238095238096,2.237619047619048,159.51818181818183,103.7,138.1689655172414,69.25297033800001,,1910549.0,532098.0,1378564.0,-1933.1,-1606.0,3077.3,,,,9702562.0,4671936.0,6014363.647058823,60.97272727272728,66.2,7.945454545454546,,,,1805502.6666666667,16611266.666666666,20165963.333333332,3798750.0,2031357.6363636365,7857576.428571428,1847.9125,,1653.3833333333332,4565227.333333333,4643445.333333333,6236170.714285715,,,
2015,10,0.75,0.5001,0.5,1.4633333333333334,0.82,2.2576190476190474,159.37272727272727,103.6,138.82758620689654,67.99773101387098,,1912416.0,531775.0,1380685.0,-2338.9,-1469.5,1831.5,,,,9539662.0,4617322.0,6008331.0,61.08181818181818,66.19090909090909,7.781818181818181,,,,1925318.6666666667,17138164.666666668,21001779.333333332,3654201.0,2052100.0,7827504.071428572,1561.86,,1578.6833333333334,4749102.666666667,4215864.666666667,6390477.571428572,,,
2015,11,0.75,0.499145,0.5,1.6335000000000002,0.947,2.343,159.53636363636363,103.4,138.81379310344826,66.394103435,,1917017.0,532357.0,1384568.0,-3083.9,-1371.8,1889.1,,,,9732472.0,4560570.0,6076427.705882353,60.83636363636364,66.17272727272727,8.118181818181817,,,,1788932.6666666667,16432560.666666666,19879339.333333332,3638435.0,2027901.5454545456,7977912.428571428,1521.96,,1578.8583333333331,5072515.0,5632323.333333333,6997912.571428572,,,
2015,12,0.75,0.5130333333333333,0.5,1.4595238095238094,0.8014285714285714,2.1957142857142857,159.6,103.3,138.9551724137931,68.11933488935483,,1919231.0,532031.0,1387006.0,-1911.0,-1404.8,2341.9,,,,9703398.0,4473721.0,6077532.882352941,60.64545454545455,65.99090909090908,8.19090909090909,,,,1669020.0,16080861.333333334,19351525.333333332,3605096.0,2001740.0,8211633.928571428,1452.42,,1578.7416666666668,5735467.0,5688722.666666667,7695274.714285715,,,
2016,1,0.75,0.513985,0.5,1.258,0.649,2.0475,159.75454545454548,103.4,138.74137931034485,60.1934148916129,,1930936.0,535613.0,1395203.0,-1306.8,-1284.2,3396.9,,,,9693896.0,4257116.0,6153951.588235294,60.42727272727273,65.84545454545454,8.281818181818181,,,,1762760.6666666667,14859982.666666666,18275456.0,3672235.0,2099476.727272727,8077855.285714285,1518.97,,1745.0818181818183,5535415.0,5949506.0,9175459.285714284,4262584.777777778,861177.3333333334,3107125.6666666665
2016,2,0.75,0.501745,0.5,1.1244999999999998,0.595,1.9305,159.84545454545454,103.4,138.63103448275862,66.04410374517241,,1925200.0,530207.0,1394823.0,-3205.2,-1425.5,2017.8,,,,9725405.0,4107821.0,6204983.352941177,60.4,65.89999999999999,8.372727272727273,,,,1707474.6666666667,14496462.666666666,17831454.0,3630972.0,1974987.9090909092,7908512.428571428,1530.31,,1753.8727272727272,5035997.857142857,5518656.0,8276026.857142857,3964741.0,735588.5,2861441.0
2016,3,0.75,0.4986363636363636,0.5,1.268181818181818,0.714090909090909,2.0536363636363637,160.1727272727273,103.4,138.62413793103448,70.39706295387096,,1917977.0,524767.0,1393035.0,-3236.9,-1390.4,1829.4,,,,9769538.0,4193564.0,6136092.882352941,60.33636363636364,65.67272727272727,8.19090909090909,,,,1786262.0,16046836.666666666,19511923.333333332,3625460.0,1984186.7272727273,7773649.642857143,1608.39,,1765.6272727272728,4927091.142857143,5458524.666666667,8158318.571428572,4157743.555555555,895727.1428571428,3076661.777777778
2016,4,0.75,0.5023857142857143,0.5,1.3361904761904762,0.7785714285714287,2.0085714285714285,160.28181818181818,103.3,138.70000000000002,73.15623491714287,,1922218.0,526784.0,1395363.0,-3086.3,-1266.8,1483.4,,,,9810521.0,4458447.0,6190339.705882353,60.49090909090909,65.8,8.127272727272727,,,,1869611.3333333333,15180350.666666666,18780740.666666668,3574841.0,1945368.5454545456,7885056.571428572,1589.11,,1800.8454545454545,4317344.0,4595742.0,7140713.285714285,3651209.555555555,868333.7142857143,2999831.111111111
2016,5,0.75,0.4999333333333333,0.5,1.35,0.7423809523809524,1.992380952380952,160.48181818181817,103.3,138.79310344827587,68.58704983354839,,1911266.0,514234.0,1396742.0,-3584.8,-1288.9,2160.6,,,,9904866.0,4568852.0,6159894.764705882,60.32727272727273,65.60000000000001,8.081818181818182,,,,1860898.6666666667,14719232.0,18402049.333333332,3835781.0,1949180.0909090908,7929369.928571428,1575.34,,1803.090909090909,4176756.1428571423,4066346.6666666665,6839457.857142857,3107832.777777778,945495.8333333334,2724749.777777778
2016,6,0.75,0.5069,0.5,1.1681818181818182,0.6222727272727272,1.82,160.9181818181818,103.3,139.22413793103448,71.222821527,,1920413.0,521424.0,1398907.0,-3776.0,-1315.2,1324.4,,,,9846880.0,4730581.0,6215655.588235294,60.31818181818182,65.55454545454546,8.0,,,,1857629.3333333333,14964538.0,18419338.0,3693439.0,1990377.0,8030326.571428572,1698.9666666666665,,1705.9363636363637,4050539.1428571423,5023210.0,6938693.285714285,3285448.222222222,856627.5714285715,2663337.5555555555
2016,7,0.75,0.507105,0.5,1.051,0.607,1.666,161.45454545454547,103.2,139.69655172413792,65.23467279451613,,1931752.0,528131.0,1403667.0,-1436.7,-1157.8,3443.2,,,,9772343.0,4579084.0,6202360.235294118,60.3,65.58181818181818,8.045454545454545,,,,1873208.0,15161418.666666666,18681076.666666668,3727655.0,2021473.4545454544,8042697.571428572,1319.5636363636363,,1654.909090909091,4197341.571428572,5797166.0,7408986.142857143,3993895.0,1031701.3333333334,3004312.777777778
2016,8,0.75,0.4992227272727273,0.5,1.0427272727272727,0.6413636363636364,1.65,161.79090909090908,103.0,139.76896551724138,71.51297501806451,,1936249.0,529972.0,1406360.0,-1518.7,-1107.7,2951.3,,,,9878918.0,4594029.0,6218157.647058823,60.309090909090905,65.62727272727273,8.154545454545454,,,,1949877.3333333333,16112556.0,19868669.333333332,3825631.0,2041411.0909090908,8053325.285714285,1702.7444444444443,,1647.6272727272728,4209648.0,5689794.666666667,7480016.142857143,4264421.888888889,881919.8571428572,3103978.222222222
2016,9,0.75,0.4993809523809523,0.5,1.0861904761904762,0.6685714285714285,1.7228571428571429,161.8181818181818,102.9,139.82068965517243,70.21668722333334,,1941208.0,531708.0,1409617.0,-4035.8,-1287.8,2811.4,,,,9844531.0,4658146.0,6300852.529411765,60.35454545454545,65.8,8.318181818181818,,,,1877228.0,16284731.333333334,19886388.0,3736630.0,2024273.6363636365,8048854.714285715,1459.9272727272728,,1635.609090909091,3868990.5714285714,5421965.333333333,6888375.428571428,4105951.111111111,670425.2857142857,2979787.888888889
2016,10,0.75,0.493015,0.5,1.1665,0.7045,1.8175,162.29090909090908,102.8,140.70000000000002,64.39289045645161,,1940191.0,530065.0,1410160.0,-1385.7,-1602.2,3065.1,,,,9902960.0,4805999.0,6342842.411764706,60.209090909090904,65.71818181818182,8.427272727272728,,,,1889077.3333333333,17161054.666666668,20910952.666666668,3798559.0,2209038.5,8130943.857142857,1435.7545454545457,,1635.190909090909,4087648.285714286,5406317.333333333,7184590.428571428,4310748.0,694521.2857142857,3096860.0
2016,11,0.75,0.4915571428571428,0.5,1.4376190476190476,0.8814285714285713,2.064761904761905,162.79090909090908,102.9,140.9896551724138,69.19467455066666,,1947487.0,534234.0,1413320.0,1073.2,-1105.6,4765.3,,,,9929948.0,4766430.0,6372822.05882353,60.26363636363636,65.66363636363636,8.263636363636364,,,,1945792.0,16940116.666666668,20650020.0,3571386.0,2256511.2,8144447.0,1552.84,,1624.5181818181818,4574549.714285715,5306712.0,7768362.428571428,4425266.666666667,789156.4285714285,3126713.5555555555
2016,12,0.75,0.495425,0.5,1.732,1.123,2.334,162.87272727272727,103.0,140.89655172413794,67.87902852419354,,1952976.0,537692.0,1415368.0,451.5,-1082.5,3818.7,,,,9821101.0,5214980.0,6438394.823529412,60.309090909090905,65.64545454545454,8.218181818181819,,,,1802970.6666666667,15876920.666666666,19369796.666666668,3601225.0,2277362.9,8330609.928571428,1189.109090909091,,1593.1272727272728,5505232.142857143,5557600.666666667,9068425.285714284,4377704.111111111,786161.5714285715,3146737.222222222
2017,1,0.75,0.4911714285714286,0.5,1.7223809523809526,1.1138095238095238,2.34,163.07272727272726,103.0,141.71034482758623,68.64264557774193,1.0158241379310344,1962155.0,541141.0,1421954.0,-95.2,-894.6,4323.0,12.83,20.151818181818182,8.69818181818182,10032305.0,5369577.0,6614781.588235294,60.445454545454545,65.64545454545454,8.009090909090908,,,,1921083.3333333333,15779272.0,19515382.0,3400891.0,2269566.7,8364533.785714285,1398.109090909091,,1670.5818181818183,5720641.428571428,5913906.666666667,9190970.0,4535608.0,1012263.5,3272982.0
2017,2,0.75,0.4914368421052632,0.5,1.702105263157895,1.113157894736842,2.3905263157894736,163.06363636363636,103.0,141.41379310344828,69.34626845214287,0.9817333333333336,1969469.0,541280.0,1429162.0,-1260.5,-1417.9,4707.0,13.159090909090908,21.39,8.879090909090909,10103495.0,5075578.0,6545565.117647059,60.47272727272728,65.62727272727273,7.918181818181818,,,,1788122.6666666667,14635360.666666666,18193323.333333332,3257124.0,2285290.5,8355800.0,1293.2181818181818,,1709.8,5010608.285714285,4848908.0,8068419.857142857,4121187.111111111,794250.8333333334,2981133.3333333335
2017,3,0.75,0.4950434782608695,0.5,1.7143478260869565,1.1782608695652177,2.3908695652173915,163.3090909090909,103.1,141.40689655172417,70.43252623935484,1.061467741935484,1977866.0,543375.0,1435349.0,-671.4,-1216.5,3248.3,13.44909090909091,23.17818181818182,8.805454545454545,10051649.0,4952250.0,6560758.176470588,60.41818181818182,65.65454545454544,8.054545454545455,,,,2027824.0,17137810.0,21195499.333333332,3450769.0,2324954.3,8489275.285714285,1401.2916666666667,,1772.236363636364,5395015.571428572,5198005.333333333,8623241.42857143,4328722.666666667,846282.1428571428,3272819.222222222
2017,4,0.75,0.497578947368421,0.5,1.5231578947368425,1.0478947368421052,2.1910526315789474,163.4181818181818,103.3,141.70689655172413,62.88246313633333,0.9438689655172412,1987063.0,546707.0,1440964.0,-1050.5,-1594.1,4579.1,13.085454545454546,21.84636363636364,9.244545454545454,10077994.0,5103054.0,6683919.411764706,60.50909090909091,65.63636363636364,7.881818181818182,,,,1957816.0,16905619.333333332,20909337.333333332,3641323.0,2412159.3,8532416.0,1310.35,,1750.6,4456274.428571428,4648470.0,7237329.714285715,3811593.777777778,865676.4285714285,3030714.0
2017,5,0.75,0.4915045454545454,0.5,1.5131818181818182,0.9822727272727272,2.145,163.97272727272727,103.3,141.47241379310344,68.9170448883871,1.102153333333333,1991768.0,549312.0,1442647.0,-1580.9,-1781.8,3227.2,13.605454545454544,22.48909090909091,9.260909090909092,10220163.0,4952197.0,6660884.94117647,60.56363636363637,65.76363636363637,7.963636363636363,,,,2126668.0,16405162.0,20627101.333333332,3546630.0,2392098.9,8621783.0,1370.7,,1776.5545454545454,4190656.285714286,4950074.0,6967957.714285715,4078382.6666666665,1005984.0,3095451.222222222
2017,6,0.75,0.4941045454545454,0.5,1.502727272727273,1.098181818181818,2.0354545454545456,164.43636363636364,103.3,141.44827586206895,69.45904806799999,1.0955866666666667,1996318.0,550611.0,1445606.0,-3558.4,-1733.6,1742.5,13.558181818181817,22.77090909090909,8.94818181818182,10232404.0,4945168.0,6667698.05882353,60.52727272727272,65.64545454545454,7.845454545454545,,,,2104998.6666666665,16284950.666666666,20527282.666666668,3890492.0,2429333.1,8627517.714285715,1374.4636363636364,,1778.0181818181818,4073456.8571428577,5431496.666666667,6844155.714285715,4063195.888888889,923367.7142857144,3037689.111111111
2017,7,0.9166666666666666,0.669285,0.6666666666666666,1.908,1.521,2.28,164.6818181818182,103.2,141.5344827586207,66.98481553032258,0.97518,1995107.0,551733.0,1442977.0,-2947.8,-1545.8,2833.1,13.987272727272726,22.803636363636365,9.577272727272726,10307335.0,4859688.0,6679581.882352941,60.50909090909091,65.43636363636364,7.581818181818182,,,,2023989.3333333333,15655733.333333334,19961390.666666668,3926971.0,2461021.6,8654803.714285715,1260.8363636363638,,1732.4,4356020.714285715,5880456.666666667,7416727.571428572,4389844.888888889,861429.1428571428,3240660.111111111
2017,8,1.0,0.7431545454545454,0.75,1.8836363636363636,1.5127272727272727,2.312272727272727,165.4181818181818,103.2,142.0103448275862,73.62226187193548,1.0919366666666666,1993806.0,546471.0,1446769.0,-2925.5,-1536.7,2733.6,14.038181818181815,21.223636363636363,9.604545454545454,10169862.0,5033516.0,6697669.705882353,60.46363636363637,65.35454545454546,7.572727272727272,,,,2122241.3333333335,16196894.666666666,20490700.0,3429574.0,2379567.7,8689753.57142857,1322.3818181818183,,1685.4454545454546,4357540.0,5568100.0,7435946.285714285,4552830.444444444,687659.8571428572,3259728.4444444445
2017,9,1.2142857142857142,0.97019,0.9642857142857144,2.0495,1.75,2.411,165.43636363636364,103.3,142.07241379310346,71.15582300566666,1.008944827586207,1999292.0,549230.0,1449390.0,-3167.2,-1255.4,2177.7,13.742727272727272,22.422727272727272,9.101818181818182,10143798.0,5199943.0,6678967.411764706,60.31818181818182,65.31818181818181,7.736363636363635,,,,2054818.6666666667,16945599.333333332,21256079.333333332,3562882.0,2391361.6,8646396.0,1361.8272727272729,,1666.8545454545456,4079573.5714285714,5021062.0,6942902.857142857,4166948.111111111,726027.4285714285,3097881.111111111
2017,10,1.25,0.9930428571428572,1.0,2.050952380952381,1.7185714285714284,2.4061904761904764,165.5,103.4,142.67586206896553,70.66272351290323,1.0371366666666666,2000229.0,548721.0,1450824.0,-1684.4,-1415.5,3317.6,13.271818181818183,18.84090909090909,8.629090909090909,10210655.0,5214098.0,6874512.235294118,60.32727272727273,65.38181818181819,7.827272727272727,,,,2124714.6666666665,17631146.666666668,21971495.333333332,3548296.0,2430427.5,8792440.5,1233.7384615384617,,1710.4818181818182,3853852.8571428577,5288010.0,6900311.0,4285365.888888889,910038.5,3299436.6666666665
2017,11,1.25,0.9915619047619048,1.0,1.9185714285714288,1.6395238095238096,2.255714285714286,165.75454545454545,103.8,143.08275862068965,72.08684608233332,1.0862206896551725,2010076.0,553936.0,1455499.0,-2625.6,-1674.3,3332.4,12.996363636363638,17.09181818181818,8.773636363636363,10114771.0,5567299.0,6825864.411764706,60.50909090909091,65.48181818181818,7.672727272727273,,,,2141346.0,16741798.0,21044508.0,3752760.0,2429930.3,8908574.07142857,1314.85,,1766.4545454545455,4683049.714285715,5296603.333333333,7944152.285714285,4497352.888888889,893495.8333333334,3350270.111111111
2017,12,1.25,0.9960789473684212,1.0,1.9152631578947368,1.7326315789473683,2.187894736842105,165.8272727272727,104.3,143.6103448275862,66.52510479806452,0.9900241379310344,2015284.0,554504.0,1460271.0,-2932.2,-1674.1,3115.3,13.77727272727273,18.184545454545457,8.55909090909091,10267738.0,5711863.0,6828062.235294118,60.8,65.67272727272727,7.536363636363637,,,,1969174.0,16391294.666666666,20430440.0,3794495.0,2554059.5,8886726.785714285,1098.9166666666667,,1793.9363636363637,5645211.714285715,5783336.666666667,9196292.142857144,4722229.666666667,1042372.8,3377783.888888889
2018,1,1.3695652173913044,1.1186045454545457,1.1195652173913044,2.1981818181818182,1.9977272727272728,2.354090909090909,165.79090909090908,104.8,144.17931034482757,74.0061902647826,1.1121266666666665,2021609.0,556778.0,1464594.0,-1858.1,-1735.4,3427.4,13.15090909090909,18.285454545454545,8.613636363636363,10191028.0,5735175.0,6833284.882352941,60.48181818181818,65.39090909090909,7.6,,,,1875314.6666666667,15803216.666666666,19932359.333333332,3816076.0,2504469.6,8813932.92857143,1322.5166666666669,,1924.9272727272728,5648266.714285715,5669745.333333333,9234676.0,4543904.888888889,807102.2857142857,3403053.777777778
2018,2,1.5,1.237947368421053,1.25,2.3242105263157895,2.095263157894737,2.4526315789473685,165.88181818181818,105.4,144.40344827586208,,1.0930814814814815,2031970.0,562151.0,1469587.0,-2104.0,-1500.1,3231.3,12.51909090909091,19.804545454545455,8.950000000000001,10194953.0,5549773.0,6794756.411764706,60.52727272727272,65.39999999999999,7.554545454545454,,,,1830183.3333333333,14275988.0,18129815.333333332,3842065.0,2519491.4,8748392.57142857,1256.990909090909,,2165.92,4894914.0,4835467.333333333,7945743.142857143,4274188.888888889,944628.4,3159921.3333333335
2018,3,1.5,1.2394,1.25,2.1885714285714286,2.026190476190476,2.3385714285714285,165.60909090909092,106.0,144.43793103448274,,1.11653,2039998.0,568129.0,1471646.0,-3469.2,-2205.8,2318.2,13.302727272727276,22.793636363636363,8.634545454545455,10270732.0,5347423.0,6809294.176470588,60.554545454545455,65.39090909090909,7.490909090909091,,,,2128816.0,16844584.0,21326318.666666668,3847278.0,2550757.8,8902421.857142856,1252.7692307692307,,2300.2,5008808.428571428,5373185.333333333,8172543.714285715,4742083.888888889,914109.3333333334,3535125.111111111
2018,4,1.5,1.2454571428571428,1.25,2.2490476190476194,2.0914285714285716,2.367142857142857,165.70909090909092,106.6,144.9241379310345,,1.0939766666666666,2039816.0,567021.0,1472655.0,-1487.4,-1381.9,4257.8,13.228181818181817,18.920909090909092,8.656363636363636,10325324.0,5519612.0,6822555.117647059,60.43636363636363,65.28181818181818,7.518181818181819,,,,1967268.0,16081550.0,20513487.333333332,3778754.0,2550893.1,8866890.92857143,1426.909090909091,,2124.872727272727,4353169.285714285,4611874.0,7147324.285714285,4258069.333333333,824461.0,3376161.222222222
2018,5,1.5,1.2454136363636363,1.25,2.3754545454545455,2.2004545454545457,2.4145454545454546,165.77272727272728,107.2,145.08275862068965,,1.1155733333333333,2046802.0,565122.0,1481671.0,-2465.6,-1695.5,3658.2,13.682727272727272,19.264545454545456,9.22,10478558.0,5826271.0,6997364.294117647,60.41818181818182,65.12727272727273,7.290909090909091,,,,2120892.0,16554220.666666666,21266486.666666668,3881658.0,2619306.1,9079456.357142856,1279.1846153846154,,2236.45,4170307.4285714286,4759472.0,6867026.857142857,4627130.0,1225977.4,3575044.777777778
2018,6,1.5,1.2481,1.25,2.209047619047619,2.07047619047619,2.26,165.6727272727273,107.9,145.29999999999998,,1.0730133333333332,2049081.0,566637.0,1482463.0,-248.7,-1621.5,4737.7,14.205454545454543,21.723636363636363,8.518181818181818,10504748.0,5742529.0,6985998.05882353,60.54545454545455,65.30909090909091,7.345454545454545,,,,2048111.3333333333,16829487.333333332,21210525.333333332,3852742.0,2584369.1,8983638.714285715,1392.7,,2180.37,3994873.4285714286,5105972.0,6712666.857142857,4451791.555555556,790976.6666666666,3335732.6666666665
2018,7,1.6704545454545454,1.4246142857142856,1.4204545454545454,2.1871428571428573,2.096190476190476,2.2304761904761907,165.8090909090909,108.6,145.7448275862069,,1.0743066666666663,2053571.0,567912.0,1485694.0,-65.4,-1542.9,5672.1,13.19909090909091,22.80090909090909,9.110909090909091,10563944.0,5753438.0,6931095.352941177,60.63636363636363,65.46363636363637,7.4363636363636365,,,,2026454.0,17615231.333333332,21981486.0,3832943.0,2588322.6,8978549.714285715,1286.8454545454545,,2109.04,4322527.714285715,5674605.333333333,7521707.0,4731521.666666667,912582.0,3623220.555555555
2018,8,1.75,1.4954136363636363,1.5,2.2954545454545454,2.2172727272727273,2.308181818181818,166.0090909090909,109.2,145.86551724137934,,1.1043133333333333,2055624.0,565913.0,1489803.0,-500.8,-1423.4,5260.6,13.841818181818182,19.483636363636364,8.847272727272726,10669046.0,5570596.0,6977889.94117647,60.58181818181818,65.38181818181819,7.418181818181818,,,,2074878.0,17673738.0,22226833.333333332,3909858.0,2646814.2,8987212.57142857,1194.569230769231,,2007.9,4206100.571428572,5653622.666666667,7431965.285714285,4935345.777777778,1114986.0,3692747.111111111
2018,9,1.75,1.496463157894737,1.5,2.353684210526316,2.265263157894737,2.366842105263158,165.86363636363637,109.9,146.13793103448276,,0.9963275862068964,2059043.0,564974.0,1494210.0,-526.9,-1133.1,4563.1,12.911818181818182,22.19,8.761818181818182,10817142.0,5587514.0,7002517.0,60.809090909090905,65.38181818181819,7.072727272727272,,,,1971899.3333333333,17932994.0,22047591.333333332,3868541.0,2563640.5,8931076.07142857,1293.472727272727,,1994.7100000000005,3733333.4285714286,5255070.666666667,6735166.0,4363873.333333333,883635.2,3420932.888888889
2018,10,1.815217391304348,1.565768181818182,1.565217391304348,2.488636363636364,2.4022727272727273,2.5045454545454544,165.60909090909092,110.6,146.93103448275863,,1.0956433333333335,2063564.0,565593.0,1498105.0,-201.5,-848.4,3887.4,12.17,19.726363636363637,9.198181818181816,10698673.0,5624126.0,7044058.411764706,60.8,65.24545454545455,6.845454545454545,,,,2139890.0,18838804.666666668,23230944.666666668,4033209.0,2667227.4,9038574.357142856,1377.509090909091,,2043.95,4124550.0,5554906.666666667,7194387.571428572,4835072.666666667,816657.1666666666,3620750.444444445
2018,11,2.0,1.7470238095238095,1.75,2.407619047619048,2.3385714285714285,2.461904761904762,165.5,111.3,147.14137931034483,,1.0869275862068966,2060609.0,562882.0,1497866.0,-3123.0,-1083.4,1105.9,11.710909090909093,20.594545454545457,8.368181818181817,10503978.0,5287183.0,6924923.764705882,60.88181818181818,65.36363636363636,6.918181818181818,,,,2102546.0,18454116.0,22673494.0,3993814.0,2616378.8,8959289.07142857,1123.0,,1997.88,4727621.142857143,5328373.333333333,7940402.285714285,4743301.333333333,596910.7142857143,3425890.0
2018,12,2.0,1.7499736842105262,1.75,2.057894736842105,1.9952631578947368,2.216315789473684,165.36363636363637,112.1,146.82758620689654,,1.0016241379310344,2063997.0,560133.0,1504038.0,-5755.0,-1320.3,616.3,13.953636363636363,17.24909090909091,8.156363636363636,10624643.0,5211054.0,6961648.117647059,60.809090909090905,65.31818181818181,6.972727272727273,,,,1931738.6666666667,18073117.333333332,21767076.666666668,3863021.0,2626510.7,8981003.357142856,911.2307692307692,,1865.1181818181817,5335318.0,5535868.666666667,8735145.142857144,4953385.0,877890.5,3669005.888888889
2019,1,2.0,1.7481681818181818,1.75,1.9536363636363632,1.8804545454545456,2.1750000000000003,165.3090909090909,113.0,147.06206896551726,,1.11362,2067734.0,558962.0,1508904.0,-4043.5,-2332.1,2240.5,13.324545454545454,19.73909090909091,8.52,10684693.0,5001375.0,6907980.705882353,60.93636363636363,65.47272727272728,6.963636363636363,,,,2056112.6666666667,17350509.333333332,21631331.333333332,4049457.0,2633884.2,8945733.642857144,1072.8615384615384,1053.1,1605.7923076923075,5718553.285714285,5699374.666666667,9286402.285714284,4666878.888888889,983678.625,3338940.4444444445
2019,2,2.0,1.7471526315789474,1.75,1.9073684210526316,1.8115789473684212,2.1578947368421053,165.34545454545454,113.9,147.49655172413793,,1.0548185185185186,2061072.0,556813.0,1504366.0,-3145.6,-1887.6,3702.8,12.960909090909093,19.124545454545455,8.6,10796031.0,4988537.0,6913604.235294118,60.93636363636363,65.50909090909092,7.081818181818182,,,,1750728.0,13671942.0,17313319.333333332,3964847.0,2585293.0,8909847.07142857,1128.3181818181818,1092.6272727272726,1413.1,5210988.142857143,4506958.666666667,8421964.285714285,4246822.0,882921.75,3089269.5555555555
2019,3,2.0,1.7469333333333334,1.75,1.7123809523809523,1.5976190476190475,2.005714285714286,165.29999999999998,114.6,147.87586206896552,,1.0232387096774194,2072695.0,562052.0,1510724.0,-2383.5,-2427.1,4667.4,12.941818181818183,21.446363636363635,8.35909090909091,10731823.0,5254078.0,7001222.882352941,60.945454545454545,65.41818181818182,6.890909090909091,,,,2153018.0,16790734.666666668,21164251.333333332,4186563.0,2685740.4,9020879.857142856,1349.590909090909,1296.1999999999998,1461.64,4929074.571428572,4691078.666666667,8290763.285714285,4762927.0,917781.125,3485601.888888889
2019,4,2.0,1.746904761904762,1.75,1.7242857142857144,1.5780952380952382,2.0128571428571425,165.3181818181818,115.3,148.4241379310345,,1.088293103448276,2085981.0,569376.0,1516637.0,-1099.8,-1989.3,4799.6,13.158181818181818,18.35272727272727,8.682727272727272,10856582.0,5372027.0,7041270.764705882,61.07272727272727,65.50909090909092,6.8,,,,2156736.0,17921537.333333332,22229962.666666668,3989041.0,2709531.1,9184945.857142856,1296.5727272727272,1313.8909090909092,1439.4533333333334,4195570.428571428,4435594.0,7035012.0,4689058.888888889,984103.25,3563115.777777778
2019,5,2.0,1.7450454545454546,1.75,1.6645454545454543,1.5427272727272727,1.910909090909091,164.94545454545457,116.0,148.57241379310346,,1.10419,2092171.0,573156.0,1519030.0,-315.1,-1740.1,5194.3,14.258181818181818,21.19454545454545,8.512727272727274,10681927.0,5550569.0,7111252.0,61.054545454545455,65.34545454545454,6.663636363636363,,,,2170250.6666666665,18531790.666666668,23136900.0,4007575.0,2674827.1,9096008.0,1210.2166666666667,1354.7636363636364,1380.54,4092500.1428571423,4828096.666666667,6806860.571428572,4660488.222222222,1061925.25,3516655.888888889
2019,6,2.0,1.742595,1.75,1.4625,1.35,1.716,165.0,116.6,148.36551724137934,,1.0006133333333334,2095977.0,571901.0,1524126.0,-1271.8,-1825.9,4768.0,14.705454545454543,21.313636363636363,9.039090909090907,10722397.0,5318577.0,7050035.05882353,61.04545454545455,65.49090909090908,6.863636363636363,,,,2047018.0,17584340.0,22134266.666666668,4577368.0,2784994.4,9124703.214285716,1006.2769230769233,1058.8384615384616,1540.8615384615384,3796500.0,5742736.666666667,6584300.571428572,4683873.222222222,783040.875,3468568.777777778
2019,7,2.0,1.7465727272727272,1.75,1.5190909090909093,1.4554545454545451,1.7304545454545457,164.70909090909092,117.3,148.52068965517242,,1.0770333333333333,2097018.0,568045.0,1529044.0,-1665.5,-1895.6,4439.9,14.43,21.83090909090909,8.802727272727273,10873346.0,5300691.0,7093218.470588235,60.91818181818182,65.52727272727272,7.054545454545454,,,,2115712.0,17654803.333333332,22447370.0,4191520.0,2692393.7,9239494.357142856,931.9846153846154,971.253846153846,1617.9333333333334,4149490.8571428577,5898987.333333333,7380751.714285715,4796320.111111111,961421.25,3431979.222222222
2019,8,2.0,1.747809523809524,1.75,1.2052380952380952,1.2238095238095237,1.4414285714285715,164.77272727272728,117.7,148.73793103448276,,1.0337166666666666,2097194.0,566747.0,1530542.0,-1571.7,-1519.0,4623.4,14.399090909090908,20.917272727272728,9.108181818181816,10819217.0,5213700.0,7077559.176470588,60.945454545454545,65.51818181818182,7.054545454545454,,,,2155528.6666666665,17826476.0,22625489.333333332,4208077.0,2623313.8,9097789.92857143,1050.9916666666668,995.523076923077,1567.025,4026104.5714285714,6011892.0,7163031.142857143,4777069.0,1101463.0,3448269.6666666665
2019,9,2.0,1.7465800000000002,1.75,1.364,1.3875,1.56,164.87272727272727,118.1,148.8448275862069,,1.0054103448275862,2098648.0,567544.0,1531215.0,-876.1,-1821.0,4739.8,13.95181818181818,18.984545454545454,8.85909090909091,10856773.0,5181897.0,7079329.647058823,60.97272727272728,65.28181818181818,6.672727272727273,,,,2010393.3333333333,16431088.666666666,20883506.0,4307798.0,2759439.2,9179100.92857143,937.2923076923076,1006.546153846154,1463.8833333333332,3700954.714285714,5466816.0,6665474.714285715,4482630.777777778,903051.625,3456604.0
2019,10,2.0,1.748045454545455,1.75,1.4495454545454545,1.4627272727272729,1.5936363636363635,165.35454545454547,118.3,150.0103448275862,,1.0693866666666667,2100483.0,567755.0,1532877.0,-1326.2,-1838.6,4747.3,12.493636363636364,20.99,8.89090909090909,10848577.0,5285552.0,6982620.705882353,60.872727272727275,65.22727272727273,6.763636363636365,,,,2156589.3333333335,17726336.0,22134222.0,4071946.0,2634213.3,9058958.785714284,893.64,1011.7384615384616,1362.8846153846157,3862981.714285714,5596983.333333333,6964103.285714285,4834920.222222222,973595.125,3847254.0
2019,11,2.0,1.74846,1.75,1.4994999999999998,1.5065,1.6285,165.54545454545453,118.6,150.37241379310345,,1.0087862068965516,2100304.0,566250.0,1534246.0,-903.5,-1733.4,4229.6,14.260000000000002,20.27,9.41090909090909,10771843.0,5303605.0,7032798.94117647,60.60909090909092,65.15454545454546,7.036363636363637,,,,2022710.6666666667,16093216.0,20171328.0,4131650.0,2630865.0,8902219.214285715,936.5384615384615,867.023076923077,1228.6733333333332,4845242.142857143,5084332.0,8021976.428571428,4832743.333333333,938355.125,3747188.6666666665
2019,12,2.0,1.74805,1.75,1.6045000000000005,1.6195,1.685,165.1727272727273,118.8,150.78275862068966,,1.0096241379310344,2110627.0,567394.0,1543433.0,-195.7,-1745.2,5290.4,14.526363636363635,18.825454545454548,9.719090909090909,11036658.0,5291171.0,7178667.0,60.809090909090905,65.17272727272727,6.763636363636365,32477.0,4113.0,7826.0,1964005.3333333333,17389249.333333332,21586146.0,4209592.0,2654399.6,9070546.0,956.6545454545457,730.66,1201.0933333333337,5420779.857142857,5683320.666666667,8863837.285714285,5087773.777777778,881767.875,3803640.888888889
2020,1,2.0,1.7485863636363634,1.75,1.4922727272727272,1.5045454545454546,1.6109090909090908,165.46363636363637,119.0,151.15862068965518,,1.0650233333333334,2111589.0,563466.0,1547993.0,-2801.6,-1460.8,2726.1,13.687272727272727,20.69454545454545,9.42,10938189.0,5414184.0,7121468.235294118,60.92727272727273,65.27272727272727,6.7,150183.0,16022.0,32411.0,1750068.6666666667,16058231.333333334,20182040.666666668,3979232.0,1864490.7142857143,9164453.42857143,952.8833333333332,924.275,1387.1692307692308,5541956.714285715,5932187.333333333,8955539.42857143,4954902.777777778,1299223.7142857143,3654300.3333333335
2020,2,2.0,1.7485315789473683,1.75,1.2947368421052632,1.3010526315789472,1.4210526315789471,165.29999999999998,119.3,151.16206896551722,,0.9835107142857142,2116017.0,568946.0,1547231.0,-2949.4,-1317.5,2597.7,13.79818181818182,18.175454545454546,9.336363636363636,10908994.0,5124714.0,7167900.05882353,60.790909090909096,65.35454545454546,7.036363636363637,219537.0,19767.0,42010.0,1311238.6666666667,14516714.0,17978086.0,3902441.0,1853761.0714285711,9275583.857142856,1030.1833333333334,922.3916666666668,1472.0615384615385,5167750.714285715,4959058.0,8331427.571428572,4697564.777777778,964716.1428571428,3479599.0
2020,3,1.2045454545454546,0.953381818181818,0.9545454545454546,0.8190909090909091,0.7186363636363636,1.2322727272727272,165.70909090909092,119.6,150.86206896551724,,1.0940870967741936,1956479.0,539922.0,1417639.0,-4556.3,-1270.4,818.3,15.049090909090909,21.32272727272727,9.86909090909091,13353597.0,4115744.0,6306960.0,57.60909090909092,63.1,8.754545454545454,123735.0,10627.0,22294.0,1667946.0,17698084.666666668,21775682.0,4592813.0,1897668.2142857143,8943619.642857144,1077.8416666666667,1045.0583333333334,1504.1230769230767,5043359.142857143,5292489.333333333,8238461.714285715,4953053.555555556,992558.5714285716,3681284.444444445
2020,4,0.5,0.2343666666666667,0.25,0.6571428571428571,0.5028571428571429,1.252857142857143,165.88181818181818,119.9,150.0655172413793,,1.1061620689655172,1747938.0,459678.0,1287600.0,-5538.5,-2037.2,296.4,14.362727272727271,19.28909090909091,10.366363636363635,12105743.0,2685996.0,4771520.647058823,51.36363636363637,59.190909090909095,13.263636363636364,54973.0,1722.0,3758.0,1658264.0,16237280.666666666,19825054.666666668,4376368.0,1730187.142857143,7014275.071428572,856.4,953.25,1523.8636363636365,4152779.714285714,5025815.333333333,6969739.285714285,4159460.6666666665,635735.1428571428,2961791.888888889
2020,5,0.5,0.22964,0.25,0.5509999999999999,0.39,1.1125,165.97272727272727,119.8,149.37586206896552,,1.01576,1828028.0,500399.0,1328268.0,-1901.0,-2098.1,1244.6,17.044545454545457,26.439090909090908,11.683636363636364,11868889.0,3316629.0,5896013.647058823,52.47272727272728,61.14545454545455,14.236363636363636,105846.0,3053.0,4677.0,1649385.3333333333,16259342.666666666,19700361.333333332,4009511.0,1676033.142857143,7461076.142857143,1021.9363636363636,1051.72,1358.3846153846157,4064767.1428571423,4987358.0,6693140.428571428,4033780.555555555,540762.1428571428,2798152.3333333335
2020,6,0.5,0.2385772727272727,0.25,0.5613636363636364,0.3977272727272727,1.0827272727272728,166.20000000000002,119.5,150.0448275862069,,1.11881,1936321.0,528151.0,1408669.0,-2622.6,-2048.1,2195.8,18.63,29.911818181818184,11.248181818181818,12075155.0,4258633.0,7286510.470588235,55.59090909090909,63.9,13.072727272727274,117156.0,2634.0,4831.0,1654908.0,16195459.333333334,19587900.666666668,4186178.0,1877155.2142857143,8954354.642857144,1169.3727272727274,1129.3727272727274,1385.5153846153846,4035327.4285714286,5303115.333333333,6756748.857142857,4141020.222222222,634772.5714285715,2965885.4444444445
2020,7,0.5,0.243040909090909,0.25,0.5163636363636364,0.3477272727272727,1.0018181818181815,166.4090909090909,119.2,150.36206896551724,,1.1366033333333334,1986120.0,537316.0,1448998.0,-3221.8,-2042.2,1842.8,17.39,26.15,10.077272727272726,11878063.0,4432728.0,7286262.411764706,56.81818181818182,63.97272727272728,11.236363636363636,149694.0,3113.0,5735.0,1740649.3333333333,15973293.333333334,19656198.0,4590844.0,1958974.5714285711,9327131.0,1012.1416666666668,1321.8000000000002,1482.275,4471741.428571428,6038177.333333333,7538755.285714285,4255689.777777778,741056.2857142857,3179986.6666666665
2020,8,0.5,0.238435,0.25,0.5635,0.378,1.0675,166.56363636363636,118.8,150.3793103448276,,1.0430966666666666,2005910.0,538727.0,1467064.0,-3403.4,-2274.0,2832.9,15.964545454545457,24.329090909090908,8.942727272727273,11807349.0,4450656.0,7264566.117647059,57.445454545454545,63.91818181818182,10.172727272727274,200173.0,4359.0,7206.0,1782722.0,15292896.0,19155224.666666668,4717129.0,1958439.857142857,9380199.714285716,1343.4333333333334,1333.6999999999998,1373.0076923076922,4235811.857142857,5465536.666666667,7299705.142857143,4232854.777777778,679660.2857142857,3261017.888888889
2020,9,0.5,0.2280380952380952,0.25,0.5595238095238095,0.3571428571428571,1.082857142857143,167.4,118.2,151.25862068965515,,1.1290103448275863,2024699.0,542101.0,1482305.0,-3980.7,-1527.2,1776.6,14.512727272727272,22.327272727272728,8.995454545454546,11825954.0,4468310.0,7498099.882352941,58.58181818181818,64.73636363636363,9.590909090909092,142727.0,3498.0,5594.0,2155306.6666666665,16497214.666666666,20760260.666666668,4327943.0,1938115.9285714289,9523031.785714284,1141.85,1422.7555555555557,1382.9461538461535,3742296.285714286,4468315.333333333,6526867.428571428,4200442.666666667,708840.8571428572,3153328.3333333335
2020,10,0.5,0.2318380952380952,0.25,0.6028571428571429,0.3647619047619048,1.1885714285714286,169.56363636363636,117.4,151.88275862068966,,1.08869,2037348.0,546016.0,1491005.0,-3944.8,-2524.5,2841.8,14.09909090909091,23.915454545454544,9.100909090909092,11905108.0,4386611.0,7538455.352941177,58.73636363636364,64.75454545454545,9.345454545454546,167658.0,4585.0,7299.0,2422316.0,17408428.666666668,21856008.0,4726297.0,2004617.142857143,9550827.57142857,1123.65,1111.4916666666666,1798.06,4215621.142857143,4636790.0,7121033.571428572,4535038.333333333,733747.0,3419116.777777778
2020,11,0.5,0.22461,0.25,0.6885,0.433,1.234,171.21818181818182,116.3,152.4586206896552,,1.066944827586207,2051205.0,551674.0,1499244.0,-3584.5,-2771.6,2720.0,15.125454545454543,22.092727272727274,9.375454545454543,12239751.0,4256838.0,7587844.05882353,58.81818181818182,64.64545454545454,9.054545454545456,123255.0,3936.0,6588.0,2232326.6666666665,17426578.0,21606003.333333332,4758805.0,2401070.9166666665,9586231.285714284,1364.8666666666666,1397.5888888888887,1353.9769230769232,4495645.571428572,4776142.0,7612709.857142857,4737548.888888889,850417.7142857143,3395429.5555555555
2020,12,0.5,0.1992999999999999,0.25,0.7309523809523809,0.4466666666666667,1.2757142857142856,172.4181818181818,115.1,152.56896551724137,,1.128606896551724,2056758.0,557054.0,1499640.0,-2142.7,-2120.9,2600.7,13.893636363636364,18.164545454545458,9.764545454545454,12012741.0,4275474.0,7256403.0,58.5,64.47272727272728,9.272727272727272,93574.0,4617.0,7432.0,2088547.3333333333,17504939.333333332,21588071.333333332,4366592.0,2360367.75,9551217.857142856,1020.6666666666666,1045.9166666666667,1709.7900000000002,5492374.0,4882918.666666667,8751885.714285715,5086573.888888889,999271.2857142856,3606529.6666666665
2021,1,0.5,0.18108,0.25,0.8055,0.4269999999999999,1.4295,172.86363636363637,113.9,152.48620689655175,,1.0322966666666666,2068509.0,561995.0,1504261.0,871.2,-2043.3,5749.3,14.916363636363638,23.636363636363637,9.287272727272727,12335882.0,4419527.0,7106755.05882353,58.6,64.39999999999999,9.009090909090908,125920.0,5197.0,8367.0,2102756.0,17423504.0,21840457.333333332,5323656.0,2149489.785714286,13750824.5,1385.211111111111,1062.175,1403.6833333333334,5724246.714285715,5091460.666666667,8818329.285714285,5020799.111111111,793524.8571428572,3563605.3333333335
2021,2,0.5,0.2110210526315789,0.25,1.0994736842105264,0.5773684210526316,1.6694736842105262,174.38181818181818,112.9,153.03793103448277,,1.0805888888888888,2071653.0,557795.0,1512341.0,733.5,-2048.4,6807.2,14.995454545454544,21.42818181818182,9.249090909090908,12161512.0,4865083.0,7581797.882352941,58.63636363636363,64.37272727272727,8.981818181818182,104812.0,3138.0,4932.0,1866474.0,14469781.333333334,18251551.333333332,4888207.0,2090522.7142857143,13901961.07142857,1285.8666666666666,949.8666666666668,1448.8083333333334,5202795.857142857,4069220.0,8166012.857142857,4320181.666666667,649249.5714285715,3046347.888888889
2021,3,0.5,0.1804260869565217,0.25,1.4965217391304348,0.9365217391304348,1.9365217391304348,176.5818181818182,112.1,154.0,,1.1101129032258064,2093651.0,562588.0,1529917.0,-1798.6,-2875.0,4025.0,14.708181818181815,23.79181818181818,9.318181818181818,12114229.0,5097576.0,7974415.529411765,59.31818181818182,64.74545454545455,8.436363636363636,130224.0,3158.0,4992.0,2309714.6666666665,17519048.0,22197607.333333332,4948206.0,2170858.0,14470404.5,1339.8727272727274,1496.6888888888889,1498.575,5062332.142857143,4402756.666666667,8093805.857142857,4914547.333333333,832511.1428571428,3614738.6666666665
2021,4,0.5,0.1603190476190476,0.25,1.516190476190476,0.9433333333333332,1.9914285714285715,179.70909090909092,111.2,154.77241379310342,,1.083531034482759,2072052.0,558602.0,1512344.0,-359.0,-2244.5,5563.4,15.112727272727271,23.336363636363636,9.15090909090909,12004467.0,4995487.0,7604467.588235294,59.13636363636363,64.60000000000001,8.5,130981.0,3150.0,5616.0,2120048.0,16761834.0,21146593.333333332,4987949.0,2158058.785714286,14537732.92857143,1153.0416666666667,1194.6833333333334,1448.5166666666669,4259330.428571428,4609899.333333333,6936498.571428572,4389585.444444444,848246.1428571428,3509249.4444444445
2021,5,0.5,0.180915,0.25,1.524,0.918,2.112,183.47272727272727,110.0,155.58275862068965,,0.9819166666666668,2067784.0,555435.0,1511633.0,-1926.1,-2254.2,5551.5,15.445454545454544,23.17,9.245454545454546,12114139.0,5025475.0,7446857.05882353,58.790909090909096,64.42727272727274,8.790909090909091,176512.0,3984.0,7265.0,2230274.0,15279003.333333334,19687192.0,4843104.0,2160861.1428571427,14636617.92857143,1081.75,1115.025,1410.1416666666669,4142103.4285714286,5037536.0,6872887.857142857,4572413.0,841886.4285714285,3408183.6666666665
2021,6,0.5,0.1878818181818181,0.25,1.4249999999999998,0.9154545454545456,1.921818181818182,187.56363636363633,109.2,156.42758620689654,,1.0793633333333332,2087291.0,559196.0,1527695.0,1555.1,-1887.3,7015.0,16.095454545454547,25.8,9.17,11809056.0,5285525.0,7762604.411764706,59.26363636363636,64.97272727272728,8.818181818181818,147843.0,3660.0,7113.0,2130619.3333333335,15324694.666666666,19827178.0,4735909.0,2105277.785714286,14783073.57142857,1388.4,1081.9666666666667,1409.3583333333331,4020288.1428571423,5271490.0,6991421.857142857,4711720.444444444,718470.1428571428,3448833.4444444445
2021,7,0.5,0.1897904761904761,0.25,1.2514285714285716,0.8614285714285714,1.779047619047619,189.7636363636364,108.5,157.52758620689656,,1.0368066666666669,2101493.0,556754.0,1545163.0,241.8,-1756.7,6318.9,16.347272727272728,26.686363636363637,9.295454545454543,11420971.0,5380428.0,7773568.294117647,59.56363636363637,64.89999999999999,8.290909090909091,217445.0,5514.0,12216.0,1927941.3333333333,14527552.666666666,19050632.666666668,4531980.0,2103283.1428571427,15218115.785714284,939.1,1020.3818181818184,1404.408333333333,4190989.8571428577,5477359.333333333,7133096.285714285,4909236.222222222,839419.5714285715,3537812.222222222
2021,8,0.5,0.200747619047619,0.25,1.1919047619047618,0.8371428571428571,1.7552380952380953,191.02727272727273,107.8,157.74137931034485,,1.0377866666666666,2119124.0,556384.0,1563862.0,1070.2,-2387.4,7747.4,16.46090909090909,26.83090909090909,9.728181818181818,11854533.0,5588639.0,7916253.235294118,59.59090909090909,64.76363636363637,8.090909090909092,182423.0,5419.0,13346.0,2122961.3333333335,15604498.666666666,20220121.333333332,4752857.0,2051071.2142857143,15148692.57142857,1058.2454545454543,1069.1545454545455,1395.2083333333333,4025076.0,5380444.666666667,7190373.0,4828899.444444444,851647.5714285715,3626287.6666666665
2021,9,0.5,0.187045,0.25,1.263,0.884,1.8035,192.0818181818182,107.3,157.95172413793105,,1.0656357142857142,2129287.0,553898.0,1577176.0,854.1,-2538.6,8021.5,15.575454545454544,25.312727272727273,10.127272727272729,11857456.0,5602802.0,7832802.764705882,59.97272727272728,65.23636363636363,8.127272727272727,182496.0,6005.0,16077.0,2058498.0,16085003.333333334,20693083.333333332,4749470.0,2498112.5833333335,15383077.0,1151.49,1017.1666666666666,1365.4666666666665,3658376.285714286,5085662.666666667,6544707.857142857,4595245.666666667,703857.4285714285,3437699.888888889
2021,10,0.5,0.1977249999999999,0.25,1.597,1.2585000000000002,2.0075,192.46363636363637,107.0,158.58275862068965,,0.9618966666666666,2147254.0,562000.0,1586832.0,1493.3,-2500.7,7961.3,16.35181818181818,26.724545454545456,9.904545454545454,11810232.0,5690170.0,7973347.05882353,59.91818181818182,64.75454545454545,7.572727272727272,211964.0,8787.0,23691.0,2097070.0,17026465.333333332,21750851.333333332,4887465.0,2541525.9166666665,15825456.07142857,1172.3,971.725,1296.076923076923,3945217.4285714286,4659278.666666667,6891772.142857143,5044909.555555556,724179.4285714285,3604361.111111111
2021,11,0.5,0.2026523809523809,0.25,1.6857142857142855,1.4652380952380952,2.027142857142857,193.8181818181818,106.7,159.32758620689654,,1.038093103448276,2157217.0,560026.0,1599340.0,2355.2,-2658.3,9923.7,16.87181818181818,26.935454545454547,10.996363636363638,11916273.0,5936572.0,8050152.647058823,60.36363636363637,64.89090909090909,7.0636363636363635,151082.0,8727.0,19657.0,1844084.0,14899146.666666666,19439888.0,5016243.0,2625252.1666666665,16555387.214285716,1045.2666666666669,940.0833333333334,1496.525,4317450.428571428,4290983.333333333,7386438.428571428,4894276.222222222,781216.1428571428,3516279.4444444445
2021,12,0.5,0.1604285714285714,0.25,1.45,1.3009523809523809,1.7595238095238095,194.9909090909091,106.4,160.08620689655172,,1.0472586206896553,2166129.0,565979.0,1602028.0,-1341.0,-3431.6,7547.3,17.093636363636364,22.958181818181817,10.245454545454546,11745092.0,5762553.0,7937090.294117647,60.47272727272728,64.86363636363636,6.863636363636363,125161.0,10959.0,20252.0,1884654.0,14257650.0,18847652.666666668,5212976.0,2668468.9166666665,16691770.214285716,828.5666666666666,834.625,1474.6833333333334,5307126.285714285,4874742.0,8639466.42857143,4850443.888888889,890189.0,3503513.3333333335
2022,1,0.5,0.175935,0.25,1.759,1.577,1.9955,196.3181818181818,106.2,161.3896551724138,,0.95205,2160859.0,568859.0,1593302.0,2605.5,-2504.7,9640.1,16.416363636363634,26.14909090909091,10.842727272727272,12039447.0,5842266.0,8238954.94117647,60.01818181818182,64.63636363636364,7.263636363636365,140499.0,12197.0,20762.0,1856353.3333333333,13459750.0,17807706.0,5224460.0,2332064.214285714,16918549.785714287,889.5769230769231,789.2153846153846,1436.1999999999998,5739078.0,5396966.0,9293087.714285716,4745861.444444444,708902.4285714285,3465775.0
2022,2,0.5,0.1717473684210526,0.25,1.8794736842105264,1.721578947368421,2.1494736842105264,198.15454545454543,106.1,162.48620689655175,,1.015159259259259,2183889.0,575905.0,1609006.0,2839.2,-3417.7,10511.8,16.58818181818182,27.46090909090909,10.155454545454546,11952150.0,6342878.0,8279625.05882353,60.76363636363636,64.97272727272728,6.581818181818182,131338.0,9230.0,18746.0,1812142.0,13707129.333333334,18089933.333333332,5224826.0,2376086.4285714286,17487400.5,963.2666666666664,821.1833333333334,1560.723076923077,4986371.285714285,4671484.666666667,8029566.857142857,4483574.111111111,739010.0,3251261.4444444445
2022,3,0.7282608695652174,0.4077565217391304,0.4782608695652174,2.132173913043478,1.9782608695652173,2.31,200.47272727272727,106.1,164.13793103448276,,1.0347709677419354,2196942.0,577937.0,1620290.0,2141.2,-4702.2,12522.3,16.873636363636365,31.69272727272727,10.07909090909091,12057383.0,6913064.0,8317931.764705882,60.654545454545456,64.89090909090909,6.5636363636363635,146543.0,10653.0,22061.0,2112478.0,15867800.0,20987628.666666668,5080451.0,2305756.785714286,18133807.92857143,1018.553846153846,921.3461538461538,1775.2333333333331,5052343.714285715,4699787.333333333,8093494.714285715,4987535.444444444,825230.0,3653338.3333333335
2022,4,1.0357142857142858,0.7103333333333333,0.7857142857142857,2.7039999999999997,2.615,2.6555,203.9272727272727,106.3,165.64827586206897,,1.1370291666666663,2197345.0,580393.0,1617522.0,1294.0,-4218.2,12071.7,18.430909090909093,27.89272727272727,10.563636363636364,11986806.0,7111837.0,8371996.294117647,60.82727272727273,64.83636363636364,6.281818181818181,207454.0,13352.0,31844.0,2217021.3333333335,15983882.0,21060290.666666668,5057772.0,2369097.3571428573,18404803.64285714,932.8916666666668,943.2666666666668,1753.9583333333333,4446354.0,4454336.666666667,7169074.142857143,4708490.333333333,769486.7142857143,3509755.4444444445
2022,5,1.25,0.947242857142857,1.0,2.9185714285714286,2.742857142857143,2.8866666666666667,205.0818181818182,107.0,167.5344827586207,,1.3588238095238094,2202456.0,579044.0,1624579.0,6982.5,-3828.9,13162.3,18.495454545454542,24.29818181818182,10.408181818181818,12210824.0,7738685.0,8533914.764705881,60.945454545454545,64.85454545454546,6.081818181818182,197593.0,10296.0,26347.0,2273891.3333333335,16376594.666666666,21568231.333333332,5207031.0,2362373.0,19087444.0,1284.7,1014.1416666666668,1722.9333333333334,4248308.714285715,3919509.3333333335,6832080.142857143,4671473.222222222,846977.1428571428,3535823.111111111
2022,6,1.7272727272727273,1.4288136363636363,1.4772727272727273,3.3154545454545454,3.2163636363636368,3.214090909090909,206.62727272727273,108.5,167.77241379310342,,1.3536636363636363,2211634.0,583409.0,1628815.0,3143.4,-3696.4,11726.3,18.484545454545454,26.818181818181817,10.094545454545456,12063545.0,7932040.0,8618600.352941176,60.97272727272727,64.55454545454546,5.572727272727272,207124.0,11718.0,29567.0,2099946.0,15445229.333333334,20286686.0,4902892.0,2392742.5714285714,19779417.785714287,980.95,992.9916666666668,1695.3,4207958.714285715,4573049.333333333,6800091.714285715,4629395.111111111,922181.7142857144,3422618.3333333335
2022,7,2.3214285714285716,2.0374368421052633,2.0714285714285716,3.0431578947368423,3.023157894736842,2.995789473684211,207.1090909090909,110.3,168.1448275862069,,1.3161842105263155,2214919.0,584560.0,1630798.0,1348.1,-3778.1,9789.4,18.41090909090909,24.60636363636364,10.55818181818182,12066675.0,6976015.0,8390856.05882353,60.76363636363636,64.36363636363636,5.663636363636363,276093.0,15345.0,36953.0,2040725.3333333333,15572560.666666666,20313223.333333332,5319035.0,2859741.25,22376488.666666668,823.9916666666667,932.35,1584.4916666666668,4453865.571428572,4961402.666666667,7407362.285714285,4999773.777777778,947835.4285714284,3714010.444444445
2022,8,2.75,2.4829545454545454,2.5,2.859090909090909,3.0459090909090913,2.8936363636363636,207.0818181818182,113.0,167.89310344827584,,1.3077863636363636,2221513.0,585875.0,1636127.0,-613.3,-3631.9,8419.6,18.207272727272727,25.734545454545454,10.436363636363636,12341211.0,6860989.0,8436844.823529411,60.64545454545455,64.56363636363636,6.127272727272728,221197.0,12398.0,30069.0,2202395.3333333335,16033826.0,20907012.0,5012439.0,2903011.0833333335,22018251.416666668,1012.6181818181816,1059.918181818182,1425.4,4607215.714285715,5342058.666666667,7680252.0,5030739.555555556,910611.2857142856,3789139.777777778
2022,9,3.35,3.1017684210526313,3.0714285714285716,3.1478947368421055,3.371578947368421,3.0778947368421052,207.9818181818182,116.2,169.12758620689655,,1.318525,2226368.0,586356.0,1640612.0,518.6,-3329.4,8482.4,15.893636363636364,25.54,11.260909090909092,12123979.0,6632769.0,8378941.94117647,60.54545454545455,64.2909090909091,5.927272727272728,200284.0,11634.0,29905.0,2104625.3333333335,16496754.666666666,20846442.666666668,5051541.0,2917796.75,22144611.25,1025.590909090909,1023.4090909090908,1416.2076923076925,3985264.285714286,4751336.0,6795548.428571428,4841929.222222222,801289.1428571428,3666001.444444445
2022,10,3.575,3.3140894736842106,3.3214285714285716,3.380526315789474,3.5363157894736843,3.3873684210526314,207.95454545454547,119.2,171.0344827586207,,1.3485200000000002,2223909.0,580760.0,1644904.0,-1084.5,-2350.6,7330.1,18.1,23.69818181818182,10.086363636363636,12389834.0,7038736.0,8493465.11764706,60.81818181818182,64.62727272727273,5.954545454545454,236027.0,13660.0,36210.0,2127845.3333333335,17681024.0,22023411.333333332,5074054.0,2941008.25,22838683.833333332,982.9727272727272,994.2181818181816,1502.6916666666666,4114364.714285714,3660782.0,6870334.857142857,4979965.777777778,930471.2857142856,3778276.888888889
2022,11,4.0,3.74122380952381,3.75,3.166190476190476,3.372380952380952,3.2114285714285713,207.62727272727273,122.2,172.5655172413793,,1.3719047619047615,2221392.0,579302.0,1643984.0,-243.6,-2254.3,6837.9,18.625454545454545,24.281818181818185,10.333636363636364,12245534.0,7118972.0,8483396.588235294,60.618181818181824,64.26363636363637,5.736363636363636,153561.0,12015.0,28571.0,1968272.0,17075024.0,21403612.666666668,4877724.0,2983889.5833333335,22714991.25,918.475,858.2083333333334,1427.7000000000005,4672867.857142857,4102919.3333333335,7652220.714285715,5037281.111111111,881172.4285714285,3628707.222222222
2022,12,4.375,4.124499999999999,4.130952380952381,2.9415,3.0835,2.9445,207.38181818181815,125.5,172.78965517241377,,1.438865,2214902.0,572272.0,1645809.0,787.6,-2709.4,7601.3,17.79,19.922727272727272,10.845454545454546,12311719.0,6704057.0,8529746.294117646,60.845454545454544,64.44545454545454,5.654545454545455,152026.0,17740.0,34407.0,1723450.6666666667,15346638.0,18987158.0,5036846.0,2908145.9166666665,21821036.333333332,736.6363636363636,724.9666666666667,1394.8000000000002,5536417.857142857,4333711.333333333,8818564.0,5022466.111111111,841504.2857142857,3672326.3333333335
2023,1,4.5476190476190474,4.290014285714285,4.2976190476190474,2.9376190476190476,3.0485714285714285,2.9923809523809526,207.21818181818185,128.7,172.72413793103448,,1.4468,2236190.0,578151.0,1661105.0,621.3,-2454.6,8274.6,16.913636363636364,27.634545454545457,10.500909090909092,,,,60.82727272727273,64.61818181818181,5.918181818181818,133508.0,14342.0,27714.0,1852950.0,17065265.333333332,21308803.333333332,4964214.0,3011859.5,22309530.083333332,884.0272727272727,857.1090909090909,1635.1454545454544,5652555.428571428,4991897.333333333,8925584.57142857,4957260.111111111,858083.2857142857,3693057.111111111
2023,2,4.75,4.492368421052632,4.5,3.1742105263157896,3.3278947368421057,3.162631578947368,206.61818181818185,131.5,173.2448275862069,,1.4398263157894735,2243830.0,580807.0,1666017.0,-671.2,-2172.8,8116.6,16.44272727272727,23.75,9.983636363636364,,,,60.90909090909091,64.64545454545454,5.854545454545455,142701.0,14807.0,28945.0,1691821.3333333333,15101331.333333334,19248301.333333332,5141182.0,2996591.6666666665,21925029.333333332,977.54,858.2545454545456,1663.1545454545455,5025238.857142857,4581792.0,8049377.285714285,4549508.222222222,848599.0,3272090.4444444445
2023,3,4.75,4.492313043478261,4.5,2.993478260869565,3.1313043478260867,3.010869565217391,206.25454545454548,134.1,173.2344827586207,,1.465413043478261,2250566.0,583067.0,1670442.0,1570.5,-2198.5,8310.9,16.636363636363637,26.04181818181818,10.266363636363636,,,,61.00909090909091,64.69090909090909,5.781818181818182,166911.0,15221.0,30044.0,1964762.0,17842005.333333332,22445837.333333332,4660961.0,2924260.4166666665,19398862.0,1151.790909090909,936.5666666666666,1757.3636363636365,5138266.142857143,4511732.666666667,8158548.0,5028092.444444444,912658.1428571428,3615626.3333333335
2023,4,4.75,4.491717647058824,4.5,2.9161111111111113,3.0633333333333335,3.0255555555555556,206.15454545454543,136.6,174.68275862068967,,1.4788052631578947,2250710.0,584812.0,1668506.0,1618.5,-2548.5,9767.5,18.184545454545457,26.00090909090909,10.845454545454546,,,,60.89090909090908,64.68181818181819,5.918181818181818,218361.0,17677.0,38253.0,1858720.0,16833743.333333332,21205093.333333332,4635631.0,2899641.6666666665,19368373.333333332,956.4272727272728,969.5454545454544,1769.8727272727272,4219967.714285715,4284673.333333333,7011786.142857143,4558416.555555556,752404.5714285715,3368914.777777778
2023,5,4.75,4.492647619047619,4.5,3.0454545454545454,3.2104545454545454,3.108636363636364,206.53636363636363,139.0,175.08275862068965,,1.4690181818181818,2251250.0,577850.0,1677839.0,-2090.9,-2535.6,8108.6,18.714545454545455,28.522727272727273,11.062727272727273,,,,60.76363636363636,64.51818181818182,5.890909090909091,218593.0,12160.0,30954.0,2098297.3333333335,16090154.666666666,20701996.666666668,4773789.0,3034666.0833333335,20301134.916666668,1014.43,1004.9272727272728,1713.0727272727272,4122646.4285714286,4344486.0,6852282.714285715,4585184.222222222,963778.1428571428,3406106.888888889
2023,6,4.943181818181818,4.683945454545455,4.693181818181818,3.338181818181818,3.6709090909090913,3.205454545454545,206.56363636363633,141.2,175.61379310344827,,1.4408636363636362,2248378.0,578554.0,1673988.0,-5071.7,-3396.5,6270.8,19.34636363636364,27.89,11.596363636363636,,,,60.68181818181818,64.55454545454546,6.072727272727272,208747.0,13141.0,32613.0,1938099.3333333333,14848139.333333334,19166454.666666668,4971755.0,2912150.0833333335,19730656.583333332,892.2545454545453,971.4363636363636,1604.6363636363635,3775232.5714285714,4557274.666666667,6573796.142857143,4610579.444444444,825084.8571428572,3395413.777777778
2023,7,5.1625,4.90389,4.904761904761905,3.4520000000000004,3.853,3.2784999999999997,206.21818181818185,144.0,177.33793103448278,,1.46198,2250903.0,579286.0,1675851.0,-1027.3,-1588.8,8004.2,19.029090909090908,35.68727272727273,11.207272727272729,,,,60.71818181818182,64.66363636363636,6.136363636363637,280861.0,17063.0,40194.0,1576407.3333333333,15514156.0,19586154.0,4852397.0,2890639.6666666665,20538647.916666668,809.4818181818181,878.8727272727273,1429.65,3846175.5714285714,4991094.666666667,6997789.857142857,5090774.111111111,929675.8571428572,3595867.888888889
2023,8,5.25,4.994213636363636,5.0,3.6540909090909097,4.005454545454546,3.4931818181818177,206.43636363636367,147.9,178.94827586206895,,1.470527272727273,2251926.0,578171.0,1678389.0,718.0,-2483.1,10530.3,18.49,32.24272727272727,11.504545454545454,,,,60.8,64.75454545454545,6.145454545454545,211763.0,13695.0,32859.0,1962482.0,16071696.0,20782382.666666668,4968172.0,3019978.5833333335,21465677.416666668,1031.14,929.2,1364.7307692307693,3667932.0,5133528.666666667,6789743.857142857,5058914.888888889,962830.7142857144,3617454.6666666665
2023,9,5.25,4.991785,5.0,3.816,4.0905000000000005,3.62,206.4090909090909,151.8,179.78620689655173,,1.444265,2251153.0,576057.0,1680259.0,1665.7,-2524.3,10835.5,17.946363636363635,28.41727272727273,11.81,,,,60.91818181818182,64.81818181818181,6.072727272727272,260624.0,16035.0,40270.0,1906924.6666666667,16289195.333333334,20750382.0,4978762.0,2965320.25,20436144.166666668,874.1,940.2454545454544,1394.246153846154,3481288.5714285714,4656323.333333333,6332933.571428572,4739364.666666667,830248.0,3595726.888888889
2023,10,5.25,5.001845,5.0,4.061999999999999,4.229,3.8135,206.14545454545453,155.6,180.89310344827584,,1.4492850000000002,2253540.0,576488.0,1682382.0,2768.3,-2289.5,11331.0,17.329090909090908,24.926363636363636,11.509090909090908,,,,61.03636363636363,64.91818181818182,6.054545454545454,179457.0,12320.0,30932.0,1994614.6666666667,17435909.333333332,21956953.333333332,4770721.0,2924743.0833333335,20870842.5,944.1583333333332,1042.6909090909091,1516.5166666666669,3588560.285714286,4709684.666666667,6592701.428571428,4969563.222222222,868305.0,3808758.444444445
2023,11,5.25,5.0136666666666665,5.0,3.7109523809523814,3.808095238095238,3.515238095238095,206.06363636363633,158.6,181.5344827586207,,1.4833190476190476,2259470.0,580734.0,1683462.0,589.7,-2482.3,10718.8,20.02090909090909,27.90363636363636,11.675454545454546,,,,60.91818181818182,64.91818181818182,6.263636363636365,164838.0,13914.0,30406.0,1940865.3333333333,17359234.666666668,21797855.333333332,4713353.0,2892371.4166666665,20301552.583333332,1108.63,1009.9363636363636,1256.5933333333332,4231685.142857143,4588026.0,7553684.714285715,5188762.222222222,827818.4285714285,3746244.444444445
2023,12,5.25,5.015478947368421,5.0,3.2342105263157896,3.3389473684210524,3.0673684210526315,205.27272727272728,161.4,182.30344827586208,,1.4644,2256668.0,580671.0,1680584.0,-1623.8,-2479.9,7348.5,19.59090909090909,21.25,12.532727272727271,,,,60.95454545454545,64.94545454545454,6.209090909090909,164686.0,20837.0,37837.0,1885302.0,16909015.333333332,21114094.0,4543389.0,2908566.75,19645386.416666668,781.5545454545455,784.3181818181819,1225.52,4577059.142857143,5026712.666666667,8066461.0,5409008.333333333,768332.7142857143,3871555.888888889
2024,1,5.25,5.026090909090909,5.0,3.3463636363636367,3.4181818181818184,3.2818181818181817,204.94545454545457,164.0,182.8551724137931,,1.46335,2262764.0,572038.0,1697917.0,-981.3,-2386.9,7349.0,18.972727272727273,29.91181818181818,11.425454545454546,,,,60.945454545454545,64.97272727272728,6.245454545454546,125248.0,16619.0,28670.0,1819030.0,15794750.666666666,19836850.666666668,5085305.0,2949755.75,19713523.166666668,928.7363636363636,767.9846153846154,1526.2666666666669,5237533.714285715,5247648.666666667,8986860.57142857,4951275.888888889,846122.0,3554091.4444444445
2024,2,5.25,5.01497,5.0,3.504,3.603,3.3795,204.9909090909091,166.1,183.85172413793103,,1.45685,2276470.0,579587.0,1703069.0,641.3,-2618.0,8493.0,17.732727272727274,24.438181818181818,11.222727272727273,,,,60.872727272727275,64.89999999999999,6.236363636363635,158058.0,16771.0,30307.0,1927990.6666666667,16050886.666666666,20459192.666666668,4815266.0,2895458.5,20227014.166666668,909.3166666666666,977.8,1442.6307692307694,4396486.428571428,4537006.0,7651726.857142857,4823367.777777778,683515.1428571428,3496423.777777778
2024,3,5.25,5.00289,5.0,3.444,3.5085,3.345,204.8363636363636,168.1,184.4241379310345,,1.47219,2277491.0,579452.0,1704199.0,-810.1,-2902.1,7899.3,17.21,26.264545454545456,11.803636363636365,,,,60.58181818181818,64.84545454545454,6.636363636363637,205215.0,21575.0,39265.0,2116820.0,16993060.666666668,21824684.666666668,4835485.0,2961686.75,19593491.0,974.8636363636364,1007.2545454545452,1443.1153846153843,4220812.0,4271400.0,7409693.571428572,5216421.888888889,907363.0,3798434.555555555
2024,4,5.25,4.999918181818182,5.0,3.695909090909091,3.735909090909091,3.5954545454545452,205.0818181818182,170.1,185.44137931034484,,1.4663545454545457,2285643.0,581029.0,1710812.0,-765.1,-2973.3,7934.1,19.549090909090907,24.70090909090909,11.66909090909091,,,,60.58181818181818,64.8,6.554545454545454,185141.0,15979.0,32302.0,2161644.6666666665,17117364.666666668,22068623.333333332,5149216.0,2999603.6666666665,20776918.833333332,1019.9909090909092,987.681818181818,1302.5,3717083.4285714286,3467974.0,6526036.428571428,4979855.333333333,860149.7142857143,3677379.0
2024,5,5.25,5.0027,5.0,3.641818181818182,3.7045454545454546,3.511363636363636,205.24545454545452,171.4,185.61379310344827,,1.477681818181818,2289038.0,581928.0,1713201.0,-1453.0,-2560.6,8781.4,20.450909090909093,28.995454545454542,12.976363636363637,,,,60.42727272727273,64.64545454545454,6.609090909090909,206643.0,13740.0,32861.0,2125017.3333333335,16937971.333333332,21800941.333333332,5160887.0,3036310.75,20285316.333333332,1004.9454545454544,1009.2090909090908,1298.246666666667,3596572.714285714,3559920.0,6333295.142857143,4836745.111111111,850262.5714285715,3716526.888888889
2024,6,5.0375,4.80132,4.7875,3.3914999999999997,3.4225000000000003,3.3009999999999997,206.0181818181818,172.7,186.20689655172413,,1.475165,2294051.0,584256.0,1715539.0,-863.4,-2764.2,8048.7,20.296363636363637,28.045454545454547,12.493636363636364,,,,60.4,64.72727272727273,6.745454545454546,268122.0,17600.0,43432.0,1970174.0,16035830.666666666,20514430.666666668,4975783.0,2971700.0833333335,19768995.75,888.9090909090909,945.7363636363636,1272.3533333333332,3721716.0,4501666.666666667,6517924.714285715,4857990.222222222,971537.0,3598634.111111111
2024,7,4.943181818181818,4.707471428571428,4.695652173913044,3.4077272727272727,3.3668181818181817,3.3845454545454543,205.9818181818182,174.3,186.82413793103447,,1.4875333333333334,2298623.0,583408.0,1721400.0,-353.0,-2437.3,10278.2,19.605454545454545,29.49,12.542727272727271,,,,60.13636363636363,64.49090909090908,6.818181818181818,231039.0,14771.0,35242.0,1938062.6666666667,15892447.333333334,20580392.0,4896412.0,2960916.3333333335,19901432.666666668,794.4166666666666,889.6363636363636,1423.930769230769,4109575.4285714286,5017980.0,7412361.0,5184385.0,1002131.0,3731531.888888889
2024,8,4.75,4.512980000000001,4.5,3.0715,2.971,3.153,206.36363636363637,175.7,187.62758620689655,,1.5045047619047618,2301315.0,584079.0,1723362.0,-1768.1,-2454.0,7535.3,20.794545454545457,29.532727272727275,13.327272727272726,,,,60.2,64.56363636363636,6.790909090909091,274133.0,18431.0,43199.0,1694831.3333333333,15138430.666666666,19276353.333333332,4989198.0,2929892.8333333335,19872980.25,813.7000000000002,926.46,1256.4066666666663,3760515.8571428577,4915746.0,6995895.857142857,5251039.777777778,865155.7142857143,3743920.6666666665
2024,9,4.526315789473684,4.297422222222222,4.285714285714286,2.9444444444444446,2.766666666666667,3.1194444444444445,206.36363636363637,177.2,187.72413793103448,,1.5041315789473684,2307523.0,583812.0,1730240.0,-1350.4,-2435.2,7889.2,19.60090909090909,30.180000000000003,13.11,,,,60.07272727272727,64.32727272727273,6.618181818181818,211737.0,13502.0,34542.0,1940812.0,16443311.333333334,20991574.0,5032384.0,2926304.6666666665,19362078.666666668,846.375,911.8727272727272,1249.7933333333335,3427515.5714285714,4767446.666666667,6503323.285714285,4819338.111111111,835095.7142857143,3541528.777777778
2024,10,4.363636363636363,4.13835,4.119565217391305,3.186363636363636,2.972272727272727,3.3222727272727273,206.65454545454543,178.5,189.1448275862069,,1.4986409090909092,2317073.0,588635.0,1734349.0,-616.7,-2287.0,6744.9,20.676363636363636,26.933636363636364,13.77,,,,60.0,64.49090909090908,7.0,191198.0,12923.0,32170.0,2086568.6666666667,17911664.0,22328055.333333332,5495472.0,2995287.4166666665,20084122.333333332,985.3363636363636,1017.2818181818184,1221.8666666666666,3565005.0,4403093.333333333,6750942.142857143,5306752.888888889,821830.0,3936556.0
2024,11,4.0,3.76488,3.75,3.2784999999999997,3.1145,3.3049999999999997,206.20909090909092,179.6,189.86551724137937,,1.484635,2312337.0,585543.0,1733113.0,-611.1,-2336.3,8364.1,19.41363636363636,27.902727272727272,13.410909090909092,,,,60.1,64.63636363636364,7.081818181818182,195567.0,17978.0,38144.0,1668682.6666666667,16910146.666666668,20810518.0,5294679.0,2997224.8333333335,19737181.5,919.6727272727272,934.0545454545456,1530.390909090909,3994944.8571428577,4428640.0,7182889.285714285,5203140.111111111,915896.5714285716,3750449.888888889
2024,12,3.7125,3.4685200000000003,3.4318181818181817,3.1615,2.962,3.247,206.36363636363637,180.3,190.1586206896552,,1.4915699999999998,2317000.0,587721.0,1735351.0,1757.0,-2880.0,11944.5,20.703636363636363,25.490909090909096,14.158181818181818,,,,60.21818181818182,64.72727272727273,7.0,125472.0,16955.0,29882.0,1863901.3333333333,16834588.666666668,20939366.0,5146407.0,2973269.1666666665,23730121.5,763.1090909090909,655.75,1292.7615384615383,5084176.857142857,5371578.666666667,8798778.0,5511412.666666667,860441.1428571428,3954669.888888889
2025,1,3.477272727272727,3.2218181818181817,3.2282608695652173,3.2886363636363636,3.0013636363636365,3.414090909090909,206.46363636363637,180.7,191.3896551724138,,1.490557142857143,2327005.0,593898.0,1738287.0,3549.7,-2382.0,13886.2,18.483636363636364,27.72,13.25,,,,60.209090909090904,64.51818181818182,6.736363636363635,148355.0,16846.0,28781.0,2051320.0,17017052.666666668,21494998.666666668,4806701.0,2937511.0,26836811.0,870.7363636363636,813.7833333333333,1282.9615384615386,5624804.571428572,5195418.666666667,9538728.0,5429460.555555556,867452.8571428572,3864667.888888889
2025,2,3.25,2.9934157894736844,3.0,3.0563157894736843,2.745789473684211,3.248421052631579,206.65454545454543,181.1,191.6448275862069,,1.4890631578947369,2322940.0,589983.0,1738909.0,-1177.1,-2422.6,10660.8,19.707272727272727,26.569090909090907,13.97090909090909,,,,60.02727272727272,64.44545454545454,6.918181818181818,142017.0,16671.0,29287.0,1729978.6666666667,14290055.333333334,17857188.0,5415939.0,3197265.5,32818825.14285714,782.5833333333334,798.2909090909092,1330.076923076923,4988321.0,4097457.3333333335,8462781.0,4652716.0,835415.0,3322206.6666666665
2025,3,3.0952380952380953,2.8406952380952384,2.8452380952380953,3.0104761904761905,2.664761904761905,3.255714285714286,207.71818181818185,181.4,191.98620689655175,,1.5525809523809524,2324765.0,591557.0,1738989.0,-1949.1,-2876.2,7020.1,19.299090909090907,35.63,13.990909090909092,,,,60.01818181818182,64.37272727272727,6.827272727272727,212521.0,21544.0,39472.0,2254693.3333333335,17679271.333333332,22244702.0,5434291.0,3141140.75,33362777.285714287,1052.8200000000002,858.1999999999999,1158.4666666666667,4657599.285714285,4670072.0,8085308.142857143,5484273.0,719889.7142857143,3985900.555555555
2025,4,3.0,2.739815,2.75,3.1085714285714285,2.715238095238095,3.4285714285714284,207.7636363636364,181.7,191.7655172413793,,1.569404761904762,2321376.0,586951.0,1741273.0,-7197.1,-2706.9,3363.5,21.64272727272727,38.04363636363637,14.160909090909092,,,,60.0,64.33636363636364,6.790909090909091,196327.0,16397.0,31644.0,2221856.6666666665,17483336.666666668,21887385.333333332,5133303.0,2643522.9285714286,25216360.222222224,1045.03,801.0500000000001,1226.02,3876597.714285714,4733922.0,6978280.571428572,5082031.888888889,766735.7142857143,3826959.888888889
2025,5,3.0,2.7423523809523807,2.75,3.2214285714285715,2.82047619047619,3.527619047619047,207.88181818181815,182.0,191.98275862068965,,1.5637190476190477,2318069.0,583401.0,1742247.0,-5655.4,-3519.2,3391.4,20.89909090909091,30.05818181818182,15.07181818181818,,,,59.97272727272728,64.38181818181819,6.881818181818182,263500.0,17606.0,40270.0,2279186.6666666665,17319949.333333332,22022889.333333332,5217578.0,2956356.25,31478599.57142857,979.2,997.6636363636364,1177.1466666666668,3669686.285714286,5034450.0,6637314.571428572,4795004.777777778,686871.2857142857,3772653.777777778
2025,6,3.0,2.744125,2.75,3.314,2.9035,3.599,208.2363636363636,182.3,192.50689655172417,,1.5759285714285716,2317216.0,584061.0,1740564.0,-5548.1,-3040.1,4042.5,23.123636363636365,27.027272727272727,14.659090909090908,,,,59.98181818181818,64.4090909090909,6.918181818181818,228162.0,15554.0,34250.0,2143406.0,15727574.0,19982138.0,5391968.0,3014516.3333333335,23336893.3,974.34,977.118181818182,1112.4399999999998,3503651.0,4871212.666666667,6571717.0,5072277.555555556,928442.7142857144,3805963.3333333335
2025,7,3.0,2.748031818181818,2.75,3.480454545454545,3.0254545454545454,3.787272727272727,208.14545454545453,182.6,193.1620689655172,,1.59745,2329835.0,591427.0,1744881.0,-3830.9,-2765.8,6961.9,23.097272727272728,29.50909090909091,14.810909090909092,,,,59.99090909090909,64.57272727272726,7.118181818181818,241871.0,15935.0,34452.0,2122745.3333333335,16203092.666666666,20585136.0,5183411.0,2989074.75,29785379.625,897.8909090909091,996.4,1065.26,3796356.714285714,4649940.0,7145090.142857143,5529012.555555556,1192416.5714285714,4036803.555555555
2025,8,3.0,2.75275,2.75,3.4225000000000003,2.949,3.813,208.0,183.1,193.21379310344827,,1.60767,2328614.0,590514.0,1744739.0,-6429.7,-2648.1,5735.4,22.815454545454543,30.33181818181818,15.116363636363635,,,,59.74545454545455,64.31818181818181,7.154545454545455,284460.0,19021.0,42481.0,2079741.3333333333,15846013.333333334,20247196.666666668,5041270.0,3072104.25,28890424.625,840.5181818181819,755.1333333333333,1085.4066666666668,3508454.4285714286,4618633.333333333,6794266.714285715,5476982.111111111,916880.5714285716,3988538.3333333335
2025,9,2.9,2.657255,2.647727272727273,3.2245,2.773,3.6725,208.02727272727273,183.5,193.49310344827583,,1.62358,2333959.0,593497.0,1746724.0,257.1,-2113.6,8400.0,23.35090909090909,29.704545454545453,14.942727272727272,,,,59.76363636363636,64.5,7.372727272727272,227215.0,14544.0,33428.0,2038986.6666666667,16959102.0,20946276.666666668,5203842.0,2565846.9285714286,25741890.333333332,746.875,880.2272727272727,1025.1333333333334,3267101.4285714286,4251960.0,6346607.0,5252462.0,844470.7142857143,3865568.888888889
2025,10,2.727272727272727,2.48545,2.477272727272727,3.128181818181818,2.690909090909091,3.617272727272727,208.20909090909092,183.7,194.6551724137931,,1.6285181818181818,2327522.0,589120.0,1745326.0,-394.9,-1842.9,5233.2,22.478181818181817,31.769090909090902,15.760909090909092,,,,59.81818181818182,64.37272727272727,7.109090909090909,194585.0,13955.0,31288.0,2192382.6666666665,17840478.666666668,22179220.666666668,5151243.0,2570248.9285714286,25861612.555555556,824.3083333333334,772.4923076923077,1119.3,3343085.4285714286,3883386.6666666665,6605880.142857143,6955729.428571428,920311.2857142856,5042281.571428572
2025,11,2.5,2.242142105263158,2.25,3.1742105263157896,2.7531578947368422,3.6252631578947367,207.6727272727273,183.8,195.1,,1.6247578947368422,2327040.0,587456.0,1746857.0,-2196.9,-2017.7,6580.0,23.044545454545457,39.97,15.873636363636365,,,,60.01818181818182,64.35454545454546,6.818181818181818,198698.0,19365.0,35839.0,2012629.3333333333,16925948.0,20924244.0,4961830.0,3029216.8333333335,25382933.333333332,880.07,835.03,1052.5466666666666,3960053.5714285714,3732160.0,7318150.714285715,7038689.142857143,816530.4285714285,5021084.714285715
2025,12,2.5,2.2514190476190477,2.25,3.387619047619048,2.9457142857142857,3.823809523809523,207.96363636363637,183.4,195.49655172413793,,1.616152380952381,,,,,,,25.83090909090909,32.300000000000004,15.669090909090908,,,,59.98181818181818,64.39999999999999,6.872727272727272,121772.0,18434.0,28163.0,,,,,,,,,,,,,,,
2026,1,2.5,2.2506761904761907,2.25,3.4023809523809527,2.9333333333333336,3.845714285714286,,,,,1.6171857142857144,,,,,,,,,,,,,,,,98344.0,14110.0,20503.0,,,,,,,,,,,,,,,
2026,2,2.5,2.2584,2.25,3.435,2.9450000000000003,3.88,,,,,1.613,,,,,,,,,,,,,,,,,,,,,,,,,,,,,,,,,
